hospital,control,location,teach,bedsize,region,teachloc
4001,2,1,0,3,4,2
4004,1,1,1,1,4,3
4005,2,0,0,1,4,1
4006,1,0,0,1,4,1
4009,4,0,0,3,4,1
4010,1,0,0,3,4,1
4012,3,1,0,2,4,2
4015,2,1,0,1,4,2
4017,2,1,0,2,4,2
4022,2,1,1,3,4,3
4023,4,0,0,3,4,1
4025,2,1,0,3,4,2
4029,2,1,0,3,4,2
4031,2,1,0,1,4,2
4032,2,1,0,3,4,2
4033,2,1,1,3,4,3
4034,4,0,0,1,4,1
4040,1,0,0,1,4,1
4042,2,1,0,2,4,2
4043,3,1,0,3,4,2
4047,0,1,1,2,4,3
4049,2,,,2,4,1
4051,4,0,0,3,4,1
4052,3,1,0,2,4,2
4053,4,0,0,2,4,1
4059,2,1,0,2,4,2
4060,2,0,0,1,4,1
4061,0,1,1,2,4,3
4064,3,1,0,2,4,2
4065,2,1,0,3,4,2
4068,0,1,1,2,4,3
4070,2,1,0,3,4,2
4072,2,1,0,1,4,2
4073,2,1,0,1,4,2
4074,2,0,0,1,4,1
4075,2,1,0,3,4,2
4076,2,1,0,2,4,2
4079,2,1,0,2,4,2
4080,4,0,0,3,4,1
4081,2,,,3,4,2
4084,2,0,0,1,4,1
4085,3,1,0,1,4,2
4086,3,1,0,2,4,2
4088,2,1,1,2,4,3
4089,4,0,0,3,4,1
4091,2,1,0,3,4,2
4093,3,1,0,3,4,2
4094,2,1,0,1,4,2
4096,2,1,0,2,4,2
4097,1,1,1,2,4,3
4100,2,0,0,1,4,1
4103,2,1,0,3,4,2
4105,2,1,0,3,4,2
4107,0,1,1,3,4,3
4110,2,1,0,3,4,2
4111,3,1,0,1,4,2
4112,3,1,0,1,4,2
4116,4,0,0,2,4,1
4117,0,1,1,2,4,3
4118,2,1,0,1,4,2
4122,1,0,0,1,4,1
4123,4,0,0,1,4,1
4124,3,1,0,1,4,2
4125,3,1,0,1,4,2
4127,3,1,0,1,4,2
4128,3,1,0,1,4,2
4134,3,1,0,1,4,2
4137,3,1,0,1,4,2
5003,2,1,0,1,3,2
5004,2,0,0,1,3,1
5005,3,1,0,1,3,2
5006,3,0,0,3,3,1
5008,2,0,0,1,3,1
5009,2,0,0,3,3,1
5010,3,1,0,1,3,2
5011,2,0,0,3,3,1
5012,2,0,0,1,3,1
5014,3,0,0,2,3,1
5015,3,0,0,3,3,1
5016,2,1,0,3,3,2
5017,2,0,0,1,3,1
5020,2,1,0,1,3,2
5021,3,1,0,1,3,2
5026,3,1,0,1,3,2
5027,2,1,0,2,3,2
5030,1,0,0,1,3,1
5031,2,0,0,1,3,1
5032,2,1,0,3,3,2
5040,2,0,0,1,3,1
5041,2,1,0,2,3,2
5042,2,0,0,2,3,1
5043,2,0,0,2,3,1
5045,3,1,0,1,3,2
5046,2,0,0,1,3,1
5047,2,1,0,3,3,2
5048,3,0,0,1,3,1
5049,1,0,0,1,3,1
5050,1,0,0,2,3,1
5052,2,1,0,1,3,2
5053,3,1,0,1,3,2
5055,2,0,0,1,3,1
5056,3,0,0,1,3,1
5058,1,0,0,1,3,1
5061,3,0,0,3,3,1
5062,3,1,0,1,3,2
5063,3,0,0,3,3,1
5065,2,0,0,3,3,1
5068,3,1,0,2,3,2
5069,3,0,0,3,3,1
5071,3,1,0,1,3,2
5075,1,0,0,1,3,1
5077,1,0,0,1,3,1
5079,1,0,0,1,3,1
5082,2,0,0,1,3,1
5083,0,1,1,3,3,3
5085,1,0,0,2,3,1
5086,3,1,0,2,3,2
5088,2,0,0,3,3,1
5089,3,1,0,2,3,2
5090,1,0,0,1,3,1
5091,1,0,0,1,3,1
5093,3,0,0,2,3,1
5097,2,0,0,1,3,1
5098,2,1,0,2,3,2
5100,1,1,0,1,3,2
5101,2,1,0,3,3,2
5103,1,0,0,1,3,1
5106,3,1,0,2,3,2
5107,0,1,1,2,3,3
5114,3,1,0,1,3,2
5116,2,0,0,3,3,1
6001,0,1,1,2,4,3
6002,1,1,1,2,4,3
6003,3,0,0,2,4,1
6004,1,1,0,3,4,2
6006,2,1,0,1,4,2
6007,2,1,0,2,4,2
6008,2,0,0,1,4,1
6009,2,,,1,4,3
6010,0,1,1,2,4,3
6011,2,1,0,2,4,2
6012,2,1,0,1,4,2
6015,0,1,1,1,4,3
6016,3,,,3,4,2
6018,2,1,0,1,4,2
6019,2,,,1,4,2
6020,2,1,0,3,4,2
6021,3,1,0,3,4,2
6024,2,,,2,4,3
6025,3,1,0,3,4,2
6026,2,1,0,1,4,2
6028,0,1,1,3,4,3
6030,3,,,2,4,2
6031,1,1,1,1,4,3
6032,2,1,0,1,4,2
6033,2,1,0,3,4,2
6034,1,1,1,1,4,3
6035,1,1,0,1,4,2
6036,2,1,0,1,4,2
6037,1,0,0,1,4,1
6038,3,1,0,1,4,2
6041,1,,,2,4,2
6043,2,1,1,1,4,3
6044,3,1,0,2,4,2
6046,4,0,0,3,4,1
6048,0,1,1,2,4,3
6049,2,1,0,3,4,2
6050,2,1,0,3,4,2
6053,0,1,1,2,4,3
6054,2,0,0,1,4,1
6057,3,1,0,2,4,2
6060,2,1,1,2,4,3
6063,2,1,0,3,4,2
6064,0,1,1,1,4,3
6068,0,1,1,1,4,3
6070,3,1,0,2,4,2
6071,2,0,0,1,4,1
6072,2,1,0,3,4,2
6074,2,1,0,2,4,2
6075,1,1,0,2,4,2
6076,2,1,0,3,4,2
6080,3,1,0,2,4,2
6081,0,1,1,3,4,3
6083,2,1,0,3,4,2
6085,2,1,0,1,4,2
6086,3,0,0,2,4,1
6087,2,1,0,2,4,2
6090,0,1,1,3,4,3
6093,1,1,0,2,4,2
6094,2,1,0,2,4,2
6097,1,1,0,2,4,2
6098,2,1,0,2,4,2
6100,2,1,1,1,4,3
6104,2,1,0,1,4,2
6106,2,1,0,3,4,2
6108,2,1,0,1,4,2
6110,3,1,0,1,4,2
6111,3,1,0,2,4,2
6112,2,1,0,1,4,2
6113,4,0,0,3,4,1
6114,2,1,0,3,4,2
6116,2,,,3,4,2
6119,2,1,0,3,4,2
6120,2,1,0,1,4,2
6121,2,1,0,1,4,2
6122,1,0,0,3,4,1
6123,2,1,0,3,4,2
6126,2,1,0,2,4,2
6127,0,1,1,1,4,3
6128,0,1,1,1,4,3
6133,2,1,0,2,4,2
6136,2,1,0,3,4,2
6137,0,1,1,3,4,3
6139,2,1,1,1,4,3
6140,3,1,0,1,4,2
6141,2,1,0,2,4,2
6142,3,,,1,4,2
6143,2,1,0,2,4,2
6144,0,1,1,3,4,3
6145,1,0,0,1,4,1
6147,3,1,0,2,4,2
6148,3,1,0,1,4,2
6149,1,1,0,2,4,2
6150,1,1,0,1,4,2
6153,2,,,3,4,3
6154,2,1,0,3,4,2
6156,3,1,0,1,4,2
6157,3,1,0,2,4,2
6158,2,1,0,2,4,2
6159,2,,,1,4,2
6160,1,0,0,1,4,1
6162,2,0,0,2,4,1
6163,1,0,0,2,4,1
6164,0,1,1,3,4,3
6166,3,1,0,1,4,2
6167,3,,,1,4,2
6168,3,,,2,4,2
6172,1,0,0,2,4,1
6173,2,1,0,2,4,2
6174,1,1,0,3,4,2
6175,2,1,0,2,4,2
6176,3,1,0,1,4,2
6180,0,1,1,1,4,3
6181,2,1,0,2,4,2
6182,2,1,0,2,4,2
6183,0,1,1,2,4,3
6184,0,1,1,3,4,3
6187,2,1,0,3,4,2
6188,3,1,0,2,4,2
6189,4,0,0,3,4,1
6190,1,,,1,4,1
6191,2,0,0,1,4,1
6192,1,1,0,3,4,2
6193,2,1,0,3,4,2
6194,3,1,0,1,4,2
6195,1,1,0,1,4,2
6196,1,0,0,1,4,1
6197,2,1,0,1,4,2
6199,1,0,0,1,4,1
6202,4,0,0,2,4,1
6203,3,1,0,1,4,2
6205,0,1,1,3,4,3
6206,1,1,0,1,4,2
6207,0,1,1,3,4,3
6208,2,1,0,2,4,2
6210,0,1,1,2,4,3
6216,0,1,1,2,4,3
6217,3,1,0,2,4,2
6220,1,,,1,4,2
6221,2,1,0,3,4,2
6223,1,1,0,3,4,2
6224,3,,,1,4,2
6225,3,1,0,2,4,2
6226,3,,,1,4,2
6230,2,1,0,1,4,2
6231,1,0,0,1,4,1
6233,0,1,1,3,4,3
6234,0,1,1,2,4,3
6239,2,1,0,3,4,2
6240,2,,,2,4,2
6241,3,1,0,2,4,2
6242,2,,,2,4,2
6245,4,0,0,3,4,1
6246,1,0,0,2,4,1
6249,1,1,0,1,4,2
6252,3,,,2,4,2
6253,2,1,0,2,4,2
6254,0,1,1,1,4,3
6255,2,1,0,2,4,2
6256,1,1,0,2,4,2
6257,0,1,1,3,4,3
6258,2,,,1,4,2
6260,2,1,0,3,4,2
6262,2,1,0,3,4,2
6264,0,1,1,1,4,3
6266,1,0,0,1,4,1
6268,2,,,2,4,2
6269,3,1,0,1,4,2
6271,3,1,0,2,4,2
6272,0,1,1,2,4,3
6274,2,1,0,3,4,2
6275,1,0,0,3,4,1
6276,2,1,1,2,4,3
6277,2,1,0,3,4,2
6278,3,1,0,1,4,2
6281,2,1,0,3,4,2
6284,2,1,1,2,4,3
6285,1,1,0,3,4,2
6286,2,1,0,2,4,2
6288,2,1,0,2,4,2
6289,1,1,0,1,4,2
6291,2,1,0,2,4,2
6292,3,1,0,2,4,2
6293,1,1,0,1,4,2
6295,2,1,1,1,4,3
6296,2,1,0,2,4,2
6298,3,1,0,1,4,2
6299,1,1,0,2,4,2
6300,1,0,0,1,4,1
6301,0,1,1,2,4,3
6303,3,1,0,1,4,2
6306,2,1,0,3,4,2
6308,2,1,0,1,4,2
6309,2,1,0,3,4,2
6310,2,1,0,3,4,2
6311,3,,,1,4,2
6312,4,0,0,2,4,1
6317,2,,,2,4,2
6318,2,1,0,3,4,2
6319,2,1,0,3,4,2
6320,2,1,0,1,4,2
6321,1,0,0,3,4,1
6323,1,0,0,2,4,1
6326,2,1,0,3,4,2
6332,2,1,0,1,4,2
6333,3,1,1,2,4,3
6335,1,1,0,1,4,2
6336,3,1,0,1,4,2
6337,3,1,0,1,4,2
6338,2,1,0,3,4,2
6339,2,1,0,3,4,2
6341,3,1,0,2,4,2
6342,2,1,0,1,4,2
6343,3,1,0,1,4,2
6345,2,1,0,3,4,2
6347,2,1,0,3,4,2
6348,2,1,0,3,4,2
6350,0,1,1,3,4,3
6351,2,1,0,2,4,2
6358,4,0,0,2,4,1
6359,2,1,0,2,4,2
6364,2,1,0,3,4,2
6365,2,1,0,2,4,2
6367,2,1,0,3,4,2
6369,3,1,0,2,4,2
6370,0,1,1,2,4,3
6374,2,1,0,3,4,2
6375,2,1,0,3,4,2
6376,2,1,0,3,4,2
6380,1,1,0,2,4,2
6381,3,1,0,1,4,2
6382,0,1,1,3,4,3
6385,2,1,0,1,4,2
6387,2,1,0,3,4,2
6388,2,1,0,3,4,2
6390,1,0,0,1,4,1
6393,1,0,0,1,4,1
6395,2,1,0,3,4,2
6397,3,1,0,1,4,2
6398,3,1,0,3,4,2
6399,3,1,0,3,4,2
6400,1,0,0,2,4,1
6403,3,1,0,3,4,2
6404,2,1,0,1,4,2
6406,2,,,2,4,2
6407,1,1,1,2,4,3
6408,0,1,1,2,4,3
6409,3,1,0,2,4,2
6410,2,1,0,2,4,2
6412,2,1,0,2,4,2
6413,2,0,0,1,4,1
6414,2,1,0,1,4,2
6417,3,1,0,1,4,2
6418,0,1,1,2,4,3
6420,3,1,0,2,4,2
6421,3,1,0,2,4,2
6422,2,1,1,1,4,3
6423,3,1,0,2,4,2
6424,2,1,0,1,4,2
6427,2,1,0,2,4,2
6428,2,1,0,3,4,2
6429,2,1,0,3,4,2
6433,3,1,0,1,4,2
6434,3,,,1,4,2
6435,3,,,1,4,2
6437,1,0,0,1,4,1
6438,2,1,0,2,4,2
6439,2,1,0,3,4,2
6440,1,0,0,1,4,1
6441,2,1,0,2,4,2
6443,2,1,0,2,4,2
6445,3,,,1,4,2
6447,2,1,0,2,4,2
6448,2,1,1,1,4,3
6449,3,1,0,3,4,2
6451,2,1,0,1,4,2
6452,2,1,0,2,4,2
6454,0,1,1,1,4,3
6456,2,1,0,2,4,2
6457,1,1,0,1,4,2
6459,0,1,1,1,4,3
6460,2,1,0,1,4,2
6461,2,1,0,3,4,2
6463,3,1,0,2,4,2
6464,2,,,2,4,2
6465,2,1,0,2,4,2
6466,1,1,0,3,4,2
6467,2,,,1,4,3
6469,0,1,1,1,4,3
6470,2,1,0,1,4,2
6471,2,,,1,4,2
6472,3,1,0,1,4,2
6475,2,1,0,1,4,2
6476,3,,,2,4,2
6477,2,0,0,3,4,1
6478,3,1,0,2,4,2
6482,2,1,0,2,4,2
6483,0,1,1,1,4,3
6484,2,1,0,1,4,2
6485,0,1,1,2,4,3
6486,1,1,0,1,4,2
6490,2,1,1,2,4,3
6491,0,1,1,2,4,3
6492,3,1,0,1,4,2
6494,3,1,1,2,4,3
6496,3,1,0,3,4,2
6497,2,,,2,4,2
6500,3,,,2,4,2
6501,1,1,0,3,4,2
6502,0,1,1,1,4,3
6505,1,,,1,4,1
6510,3,1,0,3,4,2
6511,2,1,0,2,4,2
6514,2,1,0,1,4,2
6515,0,1,1,3,4,3
6518,2,1,0,1,4,2
6519,1,1,1,1,4,3
6521,2,,,3,4,2
6523,0,1,1,1,4,3
6524,2,1,0,2,4,2
6525,0,1,1,2,4,3
6526,2,1,0,3,4,2
6529,1,1,0,1,4,2
6530,3,1,0,1,4,2
6531,2,1,0,1,4,2
6532,0,1,1,3,4,3
6533,2,1,0,3,4,2
6534,2,1,0,2,4,2
6536,2,1,0,1,4,2
6537,3,1,0,1,4,2
6538,3,,,3,4,2
6540,3,1,0,2,4,2
6542,3,1,0,1,4,2
6544,3,1,0,2,4,2
6547,0,1,1,3,4,3
6548,2,1,0,3,4,2
6550,2,1,0,2,4,2
6551,2,1,0,3,4,2
6554,2,1,0,1,4,2
6555,0,1,1,1,4,3
6558,3,0,0,1,4,1
6559,3,1,0,1,4,2
6560,2,1,0,1,4,2
6563,2,0,0,1,4,1
6564,2,1,0,3,4,2
6565,2,1,0,2,4,2
6567,2,1,0,3,4,2
6568,2,1,0,1,4,2
6569,3,1,0,1,4,2
6571,1,1,0,1,4,2
6573,2,0,0,1,4,1
6574,1,1,0,1,4,2
6575,1,1,0,1,4,2
6576,2,1,0,3,4,2
6577,3,1,0,2,4,2
6579,1,1,0,3,4,2
6580,3,1,0,2,4,2
6582,1,0,0,1,4,1
6583,2,1,0,2,4,2
6584,2,1,0,2,4,2
6585,1,1,0,3,4,2
6586,3,1,0,2,4,2
6587,3,1,0,1,4,2
6588,3,1,0,2,4,2
6591,2,1,0,1,4,2
6592,3,1,0,2,4,2
6593,3,1,0,1,4,2
6594,1,1,0,1,4,2
6595,0,1,1,2,4,3
6596,3,1,0,1,4,2
6598,3,,,3,4,2
6599,1,1,0,2,4,2
6600,3,,,2,4,2
6601,2,1,0,1,4,2
6602,0,1,1,3,4,3
6603,0,1,1,1,4,3
6604,2,1,1,1,4,3
6605,3,,,1,4,2
6606,3,1,0,2,4,2
6609,1,0,0,2,4,1
6613,2,1,0,2,4,2
6616,1,1,0,2,4,2
6617,3,1,0,2,4,2
6622,3,1,0,1,4,2
6623,2,1,0,3,4,2
6624,0,1,1,2,4,3
6625,2,1,0,1,4,2
6626,2,1,1,3,4,3
6628,3,1,0,3,4,2
6629,2,1,0,2,4,2
6630,0,1,1,3,4,3
6632,2,1,1,3,4,3
6633,3,1,0,1,4,2
6634,2,1,0,2,4,2
6636,2,1,0,3,4,2
6637,3,1,0,1,4,2
6638,3,1,0,2,4,2
6640,3,1,0,2,4,2
6641,2,1,1,1,4,3
6643,2,1,0,1,4,2
6644,3,1,0,1,4,2
6647,3,1,1,1,4,3
6648,3,1,0,2,4,2
6649,3,1,0,2,4,2
6650,3,1,0,3,4,2
6651,3,1,0,1,4,2
6653,3,1,0,1,4,2
6655,3,1,0,1,4,2
6656,4,0,0,1,4,1
6657,2,1,0,1,4,2
6658,3,1,0,2,4,2
6660,2,1,0,3,4,2
6661,2,1,0,3,4,2
6662,2,1,0,3,4,2
6663,2,1,0,3,4,2
6664,2,1,0,1,4,2
6665,0,1,1,1,4,3
6666,2,1,0,2,4,2
6667,4,0,0,3,4,1
6669,2,1,0,3,4,2
6671,3,1,0,3,4,2
6672,2,1,0,3,4,2
6675,2,1,0,1,4,2
6677,3,1,0,1,4,2
6678,3,1,0,1,4,2
6680,0,1,1,1,4,3
6682,2,1,0,2,4,2
6685,3,1,0,1,4,2
8002,2,,,2,4,2
8003,0,1,1,2,4,3
8004,2,1,0,3,4,2
8007,2,1,0,1,4,2
8009,1,0,0,1,4,1
8010,1,0,0,1,4,1
8012,2,1,0,1,4,2
8014,0,1,1,3,4,3
8016,1,0,0,1,4,1
8017,4,0,0,3,4,1
8018,2,1,0,2,4,2
8019,2,1,0,3,4,2
8021,1,1,0,3,4,2
8022,2,1,0,2,4,2
8023,1,0,0,1,4,1
8025,1,0,0,1,4,1
8027,1,0,0,1,4,1
8029,2,1,0,3,4,2
8030,0,1,1,3,4,3
8031,1,0,0,1,4,1
8033,1,0,0,1,4,1
8035,2,,,1,4,1
8037,2,0,0,1,4,1
8038,4,0,0,3,4,1
8039,1,0,0,1,4,1
8040,3,1,0,2,4,2
8041,2,,,1,4,1
8042,0,1,1,3,4,3
8043,4,0,0,1,4,1
8044,4,0,0,3,4,1
8045,3,0,0,1,4,1
8047,2,,,3,4,2
8048,1,0,0,1,4,1
8050,2,,,1,4,1
8053,1,0,0,2,4,1
8057,3,1,1,1,4,3
8059,0,1,1,2,4,3
8062,2,0,0,2,4,1
8063,2,0,0,2,4,1
8065,2,,,1,4,3
8066,2,1,1,1,4,3
8067,1,1,0,3,4,2
8068,2,1,0,3,4,2
8069,2,1,0,1,4,2
8071,1,,,1,4,1
8072,1,0,0,1,4,1
8074,2,1,1,2,4,3
8075,1,0,0,1,4,1
8076,2,,,2,4,2
8077,1,0,0,1,4,1
8078,2,0,0,1,4,1
8080,1,0,0,1,4,1
8084,1,0,0,1,4,1
8085,0,1,1,1,4,3
8086,2,,,1,4,3
8087,3,,,2,4,2
8089,1,0,0,3,4,1
8090,2,0,0,1,4,1
8093,2,,,1,4,2
8094,1,0,0,1,4,1
8095,1,0,0,1,4,1
8096,2,0,0,1,4,1
8097,1,0,0,1,4,1
8098,1,0,0,1,4,1
8102,2,1,0,2,4,2
8104,2,1,0,2,4,2
8105,1,0,0,2,4,1
8106,0,1,1,3,4,3
8107,1,0,0,2,4,1
8108,0,1,1,1,4,3
8110,2,1,0,3,4,2
8113,3,1,0,3,4,2
8114,4,0,0,3,4,1
8115,0,1,1,2,4,3
8117,4,0,0,1,4,1
9001,1,1,0,1,1,2
9002,0,1,1,1,1,3
9003,0,1,1,1,1,3
9006,0,1,1,2,1,3
9007,2,1,0,2,1,2
9008,2,1,0,1,1,2
9011,0,1,0,3,1,2
9013,0,0,0,2,1,1
9015,2,0,0,2,1,1
9024,2,0,0,2,1,1
9025,0,1,1,1,1,3
9026,0,1,0,1,1,2
9028,2,1,1,1,1,3
9029,0,1,1,2,1,3
9030,0,1,1,3,1,3
9033,0,1,1,1,1,3
9034,0,1,0,3,1,2
9036,0,0,0,3,1,1
9039,2,0,0,1,1,1
9041,0,1,0,1,1,2
9042,2,1,1,2,1,3
9044,2,1,1,1,1,3
9047,2,1,0,1,1,2
9048,0,1,1,2,1,3
9054,0,1,0,2,1,2
9060,0,1,1,1,1,3
9062,2,0,0,2,1,1
9069,2,1,1,2,1,3
9070,0,1,1,3,1,3
9071,2,1,1,2,1,3
9072,0,1,1,2,1,3
9073,0,1,1,2,1,3
9074,0,1,1,2,1,3
12001,3,1,0,3,3,2
12002,3,1,0,3,3,2
12003,3,,,1,3,2
12006,2,1,1,2,3,3
12007,1,1,1,3,3,3
12008,2,,,2,3,2
12009,3,1,0,3,3,2
12010,3,1,0,3,3,2
12011,1,,,2,3,2
12012,3,1,0,1,3,2
12013,1,1,0,2,3,2
12014,2,1,0,1,3,2
12017,2,1,1,2,3,3
12019,3,1,0,1,3,2
12020,2,1,0,3,3,2
12021,2,0,0,3,3,1
12024,1,1,0,3,3,2
12025,2,1,0,1,3,2
12027,2,1,0,3,3,2
12028,2,1,0,2,3,2
12029,3,1,0,2,3,2
12030,2,1,0,1,3,2
12031,2,1,1,2,3,3
12032,1,1,0,2,3,2
12033,1,1,0,3,3,2
12035,1,1,0,1,3,2
12037,3,0,0,3,3,1
12038,2,,,3,3,2
12039,2,1,0,3,3,2
12042,2,1,1,3,3,3
12043,1,,,3,3,2
12044,3,,,3,3,2
12047,2,0,0,1,3,1
12050,3,1,0,1,3,2
12051,3,1,0,2,3,2
12052,3,1,0,3,3,2
12053,2,1,0,3,3,2
12054,2,1,0,3,3,2
12055,2,1,0,3,3,2
12056,3,1,0,2,3,2
12057,2,1,0,2,3,2
12058,3,1,0,1,3,2
12059,2,1,0,1,3,2
12060,1,1,0,1,3,2
12061,2,1,0,3,3,2
12062,2,1,0,3,3,2
12064,3,0,0,3,3,1
12066,2,0,0,1,3,1
12067,2,1,0,2,3,2
12068,1,1,0,3,3,2
12071,2,1,0,3,3,2
12072,3,0,0,1,3,1
12074,3,1,0,3,3,2
12077,2,1,0,2,3,2
12078,2,,,2,3,2
12080,3,1,0,2,3,2
12082,3,1,0,2,3,2
12084,2,1,1,1,3,3
12085,3,0,0,1,3,1
12087,3,1,0,3,3,2
12088,3,,,1,3,2
12091,2,0,0,1,3,1
12093,3,1,0,2,3,2
12094,3,1,0,2,3,2
12096,3,0,0,2,3,1
12099,1,1,0,1,3,2
12100,2,,,3,3,2
12101,1,0,0,1,3,1
12102,2,1,0,1,3,2
12103,3,1,0,2,3,2
12104,2,1,0,1,3,2
12105,3,1,0,2,3,2
12107,2,0,0,1,3,1
12108,3,1,0,2,3,2
12109,2,1,0,3,3,2
12111,2,1,0,2,3,2
12112,3,1,0,2,3,2
12113,2,0,0,3,3,1
12114,3,0,0,1,3,1
12116,3,0,0,3,3,1
12118,3,1,0,2,3,2
12119,1,1,0,3,3,2
12120,1,1,0,2,3,2
12121,3,1,0,1,3,2
12124,2,1,0,1,3,2
12125,3,1,0,2,3,2
12126,2,1,0,1,3,2
12127,3,1,0,3,3,2
12128,1,0,0,1,3,1
12129,1,0,0,1,3,1
12131,3,0,0,3,3,1
12134,3,1,0,3,3,2
12136,2,0,0,2,3,1
12137,3,1,0,2,3,2
12138,1,1,0,1,3,2
12139,1,,,1,3,2
12140,2,1,0,3,3,2
12141,3,0,0,2,3,1
12142,1,,,1,3,2
12144,2,1,0,3,3,2
12145,3,,,3,3,2
12148,3,1,0,2,3,2
12150,2,1,0,3,3,2
12152,3,1,0,3,3,2
12154,3,,,1,3,2
12155,2,1,0,2,3,2
12157,1,1,0,1,3,2
12158,2,,,3,3,2
12159,2,1,0,3,3,2
12162,3,1,0,1,3,2
12165,3,1,0,2,3,2
12166,2,1,1,2,3,3
12167,2,1,0,3,3,2
12168,2,,,1,3,2
12169,2,,,3,3,2
12170,2,1,0,3,3,2
12171,3,1,0,3,3,2
12172,2,1,0,3,3,2
12173,3,,,1,3,2
12175,1,0,0,1,3,1
12177,3,1,0,3,3,2
12178,3,1,0,3,3,2
12180,3,1,0,3,3,2
12183,3,1,0,2,3,2
12184,3,,,3,3,2
12185,2,1,0,3,3,2
12186,2,0,0,3,3,1
12187,3,0,0,2,3,1
12188,2,1,0,2,3,2
12190,2,0,0,1,3,1
12191,2,1,0,3,3,2
12195,2,1,0,2,3,2
12196,3,1,0,2,3,2
12197,3,,,3,3,2
12198,3,1,1,1,3,3
12199,2,0,0,1,3,1
12200,3,1,0,3,3,2
12202,3,1,0,3,3,2
12203,2,1,1,3,3,3
12206,2,1,0,3,3,2
12208,3,,,3,3,2
12209,1,,,3,3,1
12211,2,,,2,3,2
12213,3,1,0,2,3,2
12214,3,1,0,2,3,2
12215,1,,,2,3,1
12218,2,1,0,1,3,2
12221,2,1,0,1,3,2
12222,3,1,0,3,3,2
12224,1,1,0,3,3,2
12225,3,1,0,3,3,2
12226,3,1,0,3,3,2
12227,3,1,0,2,3,2
12229,2,1,0,2,3,2
12230,2,1,0,1,3,2
12231,3,1,0,3,3,2
12232,1,1,0,2,3,2
12233,3,1,0,2,3,2
12235,3,1,0,3,3,2
12236,3,,,2,3,2
12238,3,1,0,3,3,2
12239,3,1,0,1,3,2
12240,2,1,0,3,3,2
12241,3,1,0,2,3,2
12242,3,1,0,1,3,2
12243,3,1,0,2,3,2
12244,3,,,1,3,1
12245,3,,,1,3,2
12246,1,0,0,3,3,1
12248,3,1,0,2,3,2
12249,1,,,3,3,3
12253,2,1,0,1,3,2
12254,2,,,2,3,2
12255,2,1,1,3,3,3
12256,3,1,0,1,3,2
12260,2,1,0,3,3,2
12263,2,,,3,3,2
12265,2,1,0,2,3,2
12266,1,1,1,3,3,3
12267,3,1,0,2,3,2
12268,3,0,0,1,3,1
12269,2,,,3,3,2
12271,2,1,0,1,3,2
12272,1,,,2,3,3
12273,3,1,0,3,3,2
12274,2,1,0,2,3,2
12275,2,1,0,2,3,2
12277,3,1,0,3,3,2
12278,3,1,0,3,3,2
12279,2,1,0,1,3,2
12280,2,1,0,3,3,2
12281,2,1,0,3,3,2
12282,2,1,0,2,3,2
12284,2,0,0,2,3,1
12285,3,1,0,2,3,2
12286,3,0,0,3,3,1
12287,3,1,0,3,3,2
12288,2,1,0,2,3,2
12291,2,0,0,1,3,1
12292,2,,,3,3,2
12293,3,1,0,3,3,2
12297,2,0,0,2,3,1
12298,2,1,0,3,3,2
12299,3,1,0,3,3,2
12300,3,,,2,3,2
12301,2,1,0,2,3,2
12302,2,1,0,3,3,2
12303,2,1,0,2,3,2
12305,3,,,2,3,2
12306,2,0,0,3,3,1
12307,0,1,1,3,3,3
12308,3,1,0,2,3,2
12309,3,1,0,1,3,2
12311,3,1,0,2,3,2
12313,2,1,1,1,3,3
12314,3,1,0,3,3,2
12316,2,1,0,3,3,2
12319,2,1,1,1,3,3
12320,2,1,1,3,3,3
12321,2,1,0,3,3,2
12322,2,1,0,3,3,2
12323,2,1,0,3,3,2
12324,2,,,3,3,1
12325,1,1,0,2,3,2
12326,2,1,0,3,3,2
12327,1,1,0,2,3,2
12328,2,1,0,3,3,2
12329,3,1,0,3,3,2
12330,3,1,0,3,3,2
12331,3,1,0,2,3,2
12332,2,1,0,1,3,2
12333,3,1,1,3,3,3
12334,1,1,1,2,3,3
12336,2,1,0,3,3,2
12337,1,1,0,3,3,2
12338,1,1,0,1,3,2
12339,3,1,0,3,3,2
12340,2,1,0,3,3,2
12343,2,1,0,3,3,2
12376,0,1,1,3,3,3
12377,3,1,0,3,3,2
12378,2,0,0,2,3,1
12379,2,0,0,2,3,1
12382,2,1,0,1,3,2
12383,3,1,0,1,3,2
12386,2,1,0,1,3,2
12387,3,1,0,1,3,2
12388,3,1,0,1,3,2
12391,2,1,0,1,3,2
12392,3,1,0,1,3,2
12393,3,1,0,1,3,2
13001,3,1,0,1,3,2
13002,3,0,0,2,3,1
13003,2,1,0,3,3,2
13004,2,1,1,2,3,3
13005,1,0,0,1,3,1
13006,3,1,0,2,3,2
13007,1,0,0,3,3,1
13008,1,1,0,3,3,2
13009,2,1,0,2,3,2
13010,3,1,0,3,3,2
13011,0,1,1,2,3,3
13012,0,1,1,2,3,3
13013,0,1,1,3,3,3
13014,2,1,0,2,3,2
13015,0,1,1,1,3,3
13016,2,1,0,3,3,2
13017,0,1,1,2,3,3
13018,2,1,0,3,3,2
13019,2,1,0,1,3,2
13020,0,1,1,2,3,3
13021,1,1,1,2,3,3
13022,2,1,0,2,3,2
13023,3,1,0,3,3,2
13024,2,1,0,3,3,2
13025,2,1,0,1,3,2
13026,2,1,0,3,3,2
13027,1,0,0,3,3,1
13028,1,0,0,1,3,1
13029,1,0,0,3,3,1
13030,3,0,0,1,3,1
13031,1,1,0,3,3,2
13032,3,1,0,1,3,2
13033,1,0,0,1,3,1
13034,1,0,0,3,3,1
13035,2,0,0,1,3,1
13036,2,0,0,2,3,1
13037,2,0,0,3,3,1
13038,1,1,0,1,3,2
13039,2,1,0,2,3,2
13040,3,1,0,1,3,2
13041,3,1,0,2,3,2
13042,3,0,0,1,3,1
13043,3,0,0,1,3,1
13044,3,1,0,2,3,2
13045,1,0,0,1,3,1
13046,1,0,0,1,3,1
13047,1,0,0,1,3,1
13048,0,1,1,2,3,3
13049,3,1,0,2,3,2
13050,1,0,0,2,3,1
13051,1,0,0,1,3,1
13052,1,0,0,2,3,1
13053,2,1,0,1,3,2
13054,2,1,0,1,3,2
13055,3,0,0,2,3,1
13056,1,0,0,1,3,1
13057,2,1,0,1,3,2
13058,2,0,0,3,3,1
13059,2,1,0,3,3,2
13060,2,1,1,1,3,3
13061,1,0,0,2,3,1
13062,2,0,0,2,3,1
13063,3,0,0,3,3,1
13064,2,0,0,3,3,1
13065,2,1,0,2,3,2
13066,2,1,0,1,3,2
13067,1,0,0,2,3,1
13068,2,1,0,3,3,2
13069,1,0,0,2,3,1
13070,1,0,0,2,3,1
13071,3,0,0,3,3,1
13072,0,1,1,3,3,3
13073,1,0,0,2,3,1
13074,1,0,0,1,3,1
13075,1,0,0,1,3,1
13076,1,1,0,2,3,2
13077,1,1,0,1,3,2
13078,3,0,0,1,3,1
13079,3,0,0,3,3,1
13080,2,0,0,3,3,1
13081,1,0,0,2,3,1
13082,3,1,0,2,3,2
13083,3,0,0,2,3,1
13084,2,0,0,2,3,1
13085,2,0,0,2,3,1
13086,1,0,0,1,3,1
13087,1,0,0,2,3,1
13088,3,0,0,3,3,1
13089,1,0,0,1,3,1
13090,3,0,0,1,3,1
13091,3,1,0,1,3,2
13092,1,0,0,3,3,1
13093,2,0,0,3,3,1
13094,2,0,0,1,3,1
13095,3,1,0,2,3,2
13096,0,1,1,3,3,3
13097,3,1,0,2,3,2
13099,1,0,0,1,3,1
13100,2,1,0,3,3,2
13101,3,0,0,2,3,1
13102,1,0,0,3,3,1
13103,1,0,0,1,3,1
13104,1,0,0,1,3,1
13105,1,1,0,1,3,2
13106,3,0,0,2,3,1
13107,1,0,0,1,3,1
13108,1,0,0,3,3,1
13109,3,0,0,3,3,1
13110,3,1,0,1,3,2
13111,2,1,0,2,3,2
13112,3,0,0,1,3,1
13113,2,1,0,3,3,2
13114,-9,-9,-9,-9,3,-9
13115,1,0,0,1,3,1
13116,3,0,0,3,3,1
13117,2,0,0,2,3,1
13118,2,0,0,1,3,1
13119,1,0,0,2,3,1
13120,3,1,0,2,3,2
13121,0,1,1,3,3,3
13122,2,1,0,3,3,2
13123,3,1,0,2,3,2
13124,2,1,0,3,3,2
13125,2,1,0,1,3,2
13126,2,0,0,1,3,1
13127,1,1,0,2,3,2
13128,3,0,0,3,3,1
13129,2,1,0,2,3,2
13130,1,0,0,2,3,1
13131,1,0,0,1,3,1
13132,3,0,0,2,3,1
13133,2,0,0,3,3,1
13134,2,0,0,3,3,1
13135,1,1,0,1,3,2
13136,1,0,0,3,3,1
13137,3,1,0,2,3,2
13138,1,0,0,3,3,1
13139,1,0,0,3,3,1
13140,1,0,0,3,3,1
13141,1,1,0,1,3,2
13142,1,0,0,2,3,1
13143,2,0,0,3,3,1
13144,1,1,0,2,3,2
13145,1,0,0,2,3,1
13146,2,0,0,3,3,1
13147,1,0,0,1,3,1
13148,3,1,0,1,3,2
13149,2,0,0,2,3,1
13150,1,1,0,1,3,2
13151,1,0,0,1,3,1
13152,1,0,0,1,3,1
13153,2,1,0,2,3,2
13154,1,0,0,1,3,1
13155,1,0,0,1,3,1
13156,2,0,0,1,3,1
13157,1,0,0,1,3,1
13158,2,1,0,1,3,2
13159,3,1,0,1,3,2
13178,0,1,1,1,3,3
13181,0,1,1,2,3,3
13185,2,1,0,3,3,2
13191,2,1,0,2,3,2
13193,2,1,0,2,3,2
13197,2,1,0,1,3,2
13198,3,1,0,1,3,2
13201,3,1,0,1,3,2
15001,2,1,0,1,4,2
15002,2,1,0,2,4,2
15003,1,0,0,3,4,1
15005,4,0,0,3,4,1
15007,1,0,0,3,4,1
15010,1,0,0,3,4,1
15011,4,0,0,2,4,1
15012,0,1,1,2,4,3
15013,2,1,0,2,4,2
15015,0,1,1,1,4,3
15017,0,1,1,2,4,3
15019,0,1,1,1,4,3
15020,2,1,0,1,4,2
15021,2,1,0,2,4,2
15022,0,1,1,1,4,3
15023,1,0,0,1,4,1
15026,4,0,0,2,4,1
15029,-9,-9,-9,-9,4,-9
17002,2,,,1,2,1
17003,2,1,1,1,2,3
17004,0,1,0,3,2,2
17005,2,1,1,2,2,3
17006,2,1,0,2,2,2
17007,0,1,0,1,2,2
17009,2,1,1,1,2,3
17010,2,1,1,1,2,3
17011,2,0,1,3,2,1
17015,0,1,0,1,2,2
17016,0,1,0,1,2,2
17017,0,1,0,2,2,2
17018,1,1,1,3,2,3
17019,2,1,0,2,2,2
17020,0,1,0,3,2,2
17021,4,0,0,2,2,1
17023,0,1,1,2,2,3
17024,4,0,0,3,2,1
17026,0,1,0,2,2,2
17027,2,1,0,3,2,2
17028,2,1,0,1,2,2
17030,2,0,0,3,2,1
17031,0,1,0,2,2,2
17032,2,,,3,2,2
17033,0,1,1,1,2,3
17034,2,1,1,3,2,3
17035,4,0,0,3,2,1
17036,3,1,0,2,2,2
17037,2,0,0,2,2,1
17038,2,,,3,2,1
17039,4,0,0,3,2,1
17040,2,0,0,2,2,1
17042,2,0,0,1,2,1
17043,2,1,1,2,2,3
17045,2,0,0,1,2,1
17047,0,1,1,2,2,3
17048,1,0,0,2,2,1
17049,2,1,1,3,2,3
17050,1,0,0,2,2,1
17051,4,0,0,3,2,1
17053,4,0,0,3,2,1
17054,1,0,0,2,2,1
17056,4,0,0,3,2,1
17057,0,1,0,2,2,2
17058,1,0,0,3,2,1
17059,3,1,0,3,2,2
17060,2,1,0,2,2,2
17061,4,0,0,3,2,1
17062,4,0,0,3,2,1
17063,0,1,1,3,2,3
17064,2,1,1,1,2,3
17066,2,0,0,2,2,1
17068,2,1,1,1,2,3
17069,4,0,0,1,2,1
17070,2,1,0,2,2,2
17071,1,0,0,1,2,1
17072,2,1,0,1,2,2
17073,0,1,0,3,2,2
17074,3,1,1,3,2,3
17075,4,0,0,2,2,1
17078,0,1,0,2,2,2
17079,1,0,0,3,2,1
17081,4,0,0,2,2,1
17082,0,1,0,2,2,2
17083,2,1,0,2,2,2
17084,1,0,0,1,2,1
17085,0,1,1,2,2,3
17087,1,0,0,3,2,1
17088,0,1,0,2,2,2
17089,2,1,1,1,2,3
17090,0,1,0,2,2,2
17091,2,0,0,2,2,1
17092,2,0,0,3,2,1
17093,1,0,0,1,2,1
17094,2,1,1,1,2,3
17095,2,1,1,2,2,3
17096,2,0,0,1,2,1
17097,3,,,2,2,2
17098,1,,,1,2,1
17099,2,1,1,2,2,3
17100,2,1,0,1,2,2
17102,2,1,0,3,2,2
17104,2,1,1,1,2,3
17105,3,1,0,1,2,2
17107,4,0,1,3,2,1
17108,2,0,0,2,2,1
17109,0,1,1,3,2,3
17110,0,1,1,1,2,3
17111,0,1,0,1,2,2
17113,1,0,0,1,2,1
17114,0,1,0,3,2,2
17116,1,,,1,2,2
17117,1,,,2,2,2
17120,2,0,0,3,2,1
17121,0,1,0,3,2,2
17122,2,1,0,3,2,2
17123,2,1,1,3,2,3
17124,1,0,0,2,2,1
17125,2,1,0,1,2,2
17126,0,1,1,1,2,3
17127,0,1,0,3,2,2
17128,0,1,1,1,2,3
17130,0,1,0,2,2,2
17132,0,1,1,1,2,3
17134,2,1,0,1,2,2
17135,0,1,0,3,2,2
17137,2,0,0,1,2,1
17139,4,0,0,3,2,1
17141,1,0,0,3,2,1
17142,4,0,0,2,2,1
17143,0,1,0,2,2,2
17144,0,1,0,1,2,2
17145,2,1,0,2,2,2
17148,2,1,0,2,2,2
17149,0,1,1,2,2,3
17150,0,1,0,2,2,2
17151,0,1,1,1,2,3
17152,2,0,0,3,2,1
17155,2,0,0,1,2,1
17156,2,,,1,2,3
17157,2,0,0,3,2,1
17158,0,1,0,3,2,2
17159,2,1,0,2,2,2
17160,1,0,0,2,2,1
17164,2,1,0,3,2,2
17165,2,1,0,2,2,2
17166,3,,,1,2,2
17167,2,1,1,1,2,3
17168,0,1,0,3,2,2
17169,4,0,0,3,2,1
17170,0,1,0,3,2,2
17171,0,1,0,3,2,2
17172,2,1,1,2,2,3
17173,2,0,0,3,2,1
17174,4,0,0,3,2,1
17176,1,0,0,1,2,1
17177,1,,,1,2,1
17178,4,0,0,2,2,1
17179,2,1,0,3,2,2
17180,2,1,0,3,2,2
17181,2,0,0,2,2,1
17182,0,1,0,2,2,2
17183,4,0,0,3,2,1
17184,2,1,1,3,2,3
17185,0,1,0,2,2,2
17187,2,1,0,2,2,2
17188,0,1,1,2,2,3
17189,1,0,0,2,2,1
17190,2,1,0,2,2,2
17191,2,0,0,2,2,1
17193,2,1,0,3,2,2
17194,3,1,1,1,2,3
17195,2,1,0,2,2,2
17196,0,1,0,2,2,2
17197,2,1,0,3,2,2
17198,1,0,0,2,2,1
17199,2,1,1,1,2,3
17200,4,0,0,1,2,1
17201,0,1,1,2,2,3
17202,1,0,0,1,2,1
17203,0,1,1,1,2,3
17204,1,0,0,2,2,1
17205,0,1,1,1,2,3
17206,2,0,0,1,2,1
17207,0,1,1,3,2,3
17208,1,0,0,1,2,1
17210,0,1,1,3,2,3
17211,2,1,0,3,2,2
17212,3,1,0,1,2,2
17213,0,1,0,2,2,2
17214,0,1,0,3,2,2
17215,1,1,0,2,2,2
17216,4,0,0,2,2,1
17217,2,0,0,1,2,1
17218,4,0,0,3,2,1
17220,1,1,0,1,2,2
17222,1,1,1,2,2,3
17223,2,1,0,3,2,2
17225,0,1,0,3,2,2
17229,1,0,0,1,2,1
17230,0,1,0,2,2,2
17231,0,1,0,3,2,2
17232,0,1,0,1,2,2
17233,1,0,0,2,2,1
17235,4,0,0,2,2,1
17238,1,0,0,3,2,1
17239,4,0,0,2,2,1
17240,2,1,0,2,2,2
17241,3,1,0,1,2,2
17242,2,1,0,3,2,2
17244,2,0,0,2,2,1
17245,2,1,0,3,2,2
17246,2,,,3,2,2
17247,2,1,0,3,2,2
17248,1,0,0,3,2,1
17251,0,1,0,3,2,2
17252,0,1,0,2,2,2
17254,1,0,0,1,2,1
17255,2,0,0,2,2,1
17256,3,0,0,2,2,1
17258,0,1,0,2,2,2
17260,2,1,1,2,2,3
17261,0,1,1,1,2,3
17262,0,1,1,2,2,3
17265,0,1,0,2,2,2
17266,0,1,0,2,2,2
17267,2,1,0,2,2,2
17271,0,1,0,3,2,2
17272,1,1,0,1,2,2
17273,0,1,0,3,2,2
17275,4,0,0,2,2,1
17278,4,0,0,1,2,1
17281,0,1,0,3,2,2
17283,0,1,0,1,2,2
17284,0,1,0,2,2,2
18002,0,1,1,3,2,3
18004,0,1,1,3,2,3
18005,4,0,0,1,2,1
18006,0,1,0,3,2,2
18008,4,0,0,2,2,1
18009,0,1,1,3,2,3
18010,0,1,1,3,2,3
18011,0,1,0,3,2,2
18012,1,0,0,1,2,1
18013,1,0,0,3,2,1
18014,0,1,0,1,2,2
18016,0,1,1,2,2,3
18017,0,1,0,1,2,2
18018,1,0,0,2,2,1
18019,0,1,0,3,2,2
18020,0,1,1,2,2,3
18022,0,1,0,2,2,2
18023,0,1,0,2,2,2
18026,1,0,0,3,2,1
18027,0,1,0,1,2,2
18028,1,0,0,1,2,1
18029,4,0,0,3,2,1
18032,0,1,0,1,2,2
18035,0,1,0,1,2,2
18042,0,1,0,2,2,2
18043,0,1,1,1,2,3
18044,1,0,0,1,2,1
18045,0,1,0,1,2,2
18048,0,1,0,1,2,2
18051,0,1,0,3,2,2
18052,4,0,0,3,2,1
18053,4,0,0,3,2,1
18054,0,1,0,1,2,2
18055,0,1,0,2,2,2
18056,0,1,0,2,2,2
18057,0,1,0,3,2,2
18058,0,1,0,3,2,2
18062,0,1,1,2,2,3
18063,0,1,1,3,2,3
18066,0,1,1,3,2,3
18068,0,1,0,2,2,2
18069,4,0,0,1,2,1
18070,4,0,0,1,2,1
18071,4,0,0,3,2,1
18073,4,0,0,1,2,1
18074,1,0,0,3,2,1
18076,0,1,0,2,2,2
18084,4,0,0,1,2,1
18092,4,0,0,2,2,1
18093,0,1,0,1,2,2
18094,0,1,0,1,2,2
18096,0,1,0,1,2,2
18099,4,0,0,2,2,1
18101,0,1,0,2,2,2
18102,0,1,0,2,2,2
18103,0,1,0,1,2,2
18104,1,0,0,1,2,1
18106,0,1,0,2,2,2
18108,4,0,0,2,2,1
18109,4,0,0,3,2,1
18114,0,1,0,3,2,2
18115,0,1,0,3,2,2
18118,0,1,1,2,2,3
18119,4,0,0,2,2,1
18122,4,0,0,1,2,1
18123,0,1,0,1,2,2
18124,1,0,0,3,2,1
18125,4,0,0,2,2,1
18126,1,0,0,3,2,1
18127,4,0,0,3,2,1
18128,1,0,0,3,2,1
18129,4,0,0,3,2,1
18130,0,1,0,1,2,2
18131,1,0,0,1,2,1
18132,0,1,0,2,2,2
18135,0,1,1,2,2,3
18137,0,1,0,1,2,2
18141,0,1,0,2,2,2
18142,0,1,0,1,2,2
18152,0,1,0,3,2,2
19001,4,0,0,1,2,1
19002,0,1,0,2,2,2
19003,2,1,0,1,2,2
19004,4,0,0,2,2,1
19005,2,0,0,3,2,1
19006,2,0,0,2,2,1
19008,0,1,1,2,2,3
19009,1,0,0,1,2,1
19011,1,0,0,1,2,1
19012,1,0,0,2,2,1
19013,2,0,0,1,2,1
19014,4,0,0,1,2,1
19015,1,,,1,2,1
19017,1,,,1,2,1
19018,2,,,3,2,2
19019,2,0,0,3,2,1
19020,1,0,0,2,2,1
19021,1,0,0,1,2,1
19022,1,0,0,2,2,1
19023,1,0,0,1,2,1
19024,4,0,0,1,2,1
19025,4,0,0,2,2,1
19026,1,0,0,1,2,1
19027,2,,,1,2,1
19028,1,0,0,2,2,1
19029,1,0,0,1,2,1
19031,0,1,0,3,2,2
19032,2,0,0,1,2,1
19034,2,0,0,3,2,1
19035,1,0,0,2,2,1
19037,2,1,0,3,2,2
19038,2,0,0,1,2,1
19039,2,0,0,1,2,1
19040,1,0,0,2,2,1
19041,4,0,0,1,2,1
19043,1,0,0,2,2,1
19044,1,0,0,1,2,1
19045,0,1,1,1,2,3
19046,4,0,0,2,2,1
19047,1,0,0,2,2,1
19048,1,0,0,1,2,1
19049,1,0,0,1,2,1
19050,2,1,0,2,2,2
19051,1,0,0,1,2,1
19052,2,1,1,2,2,3
19053,1,1,0,1,2,2
19054,0,1,1,1,2,3
19055,1,0,0,1,2,1
19056,1,0,0,2,2,1
19057,1,0,0,1,2,1
19058,2,1,1,2,2,3
19059,1,0,0,2,2,1
19060,2,,,1,2,1
19061,1,0,0,2,2,1
19062,2,1,0,2,2,2
19063,1,0,0,1,2,1
19064,1,0,0,3,2,1
19065,2,0,0,1,2,1
19066,1,0,0,2,2,1
19067,2,,,3,2,2
19068,1,0,0,1,2,1
19069,1,0,0,1,2,1
19070,2,0,0,1,2,1
19071,2,,,2,2,1
19072,2,0,0,2,2,1
19073,1,0,0,1,2,1
19074,4,0,0,3,2,1
19075,1,0,0,1,2,1
19076,1,0,0,2,2,1
19077,2,1,0,3,2,2
19078,1,1,1,1,2,3
19079,2,1,1,3,2,3
19080,1,0,0,2,2,1
19081,4,0,0,2,2,1
19082,1,0,0,1,2,1
19084,2,0,0,2,2,1
19085,4,0,0,1,2,1
19086,1,0,0,2,2,1
19087,1,0,0,1,2,1
19088,2,1,0,3,2,2
19089,1,0,0,3,2,1
19090,4,0,0,2,2,1
19091,2,0,0,2,2,1
19092,1,0,0,3,2,1
19093,1,1,0,1,2,2
19094,4,0,0,1,2,1
19095,1,0,0,2,2,1
19096,1,0,0,1,2,1
19097,1,0,0,1,2,1
19098,2,0,0,1,2,1
19099,2,0,0,1,2,1
19100,1,,,1,2,1
19101,1,0,0,2,2,1
19102,2,0,0,2,2,1
19103,1,0,0,3,2,1
19104,1,0,0,2,2,1
19105,2,0,0,1,2,1
19106,4,0,0,2,2,1
19107,1,0,0,1,2,1
19108,1,0,0,1,2,1
19109,1,0,0,1,2,1
19110,1,0,0,1,2,1
19111,1,0,0,2,2,1
19113,2,,,3,2,1
19114,1,0,0,1,2,1
19115,3,1,0,2,2,2
19116,1,0,0,1,2,1
19117,2,0,0,1,2,1
19118,1,0,0,2,2,1
19119,4,0,0,2,2,1
19120,1,0,0,1,2,1
19121,1,,,1,2,1
19122,2,0,0,1,2,1
19126,2,0,0,1,2,1
19127,1,0,0,3,2,1
19128,1,0,0,2,2,1
19129,1,0,0,2,2,1
19130,2,0,0,1,2,1
19131,1,,,1,2,1
19133,2,,,3,2,2
19134,1,0,0,2,2,1
19135,1,0,0,1,2,1
19136,1,1,1,3,2,3
19137,4,0,0,1,2,1
19138,4,0,1,3,2,1
19139,2,1,0,3,2,2
19140,0,1,1,3,2,3
19141,0,1,0,1,2,2
19142,0,1,0,1,2,2
20001,1,0,0,2,2,1
20003,1,0,0,2,2,1
20005,1,0,0,1,2,1
20006,1,0,0,1,2,1
20007,2,0,0,2,2,1
20009,1,0,1,3,2,1
20012,4,0,0,1,2,1
20014,1,0,0,1,2,1
20015,1,0,0,1,2,1
20016,2,0,0,1,2,1
20017,2,0,0,1,2,1
20018,2,0,0,3,2,1
20019,4,0,0,1,2,1
20020,1,0,0,1,2,1
20021,1,0,0,1,2,1
20022,1,0,0,1,2,1
20023,2,0,0,1,2,1
20024,2,0,0,1,2,1
20027,1,0,0,3,2,1
20028,3,1,0,2,2,2
20029,1,0,0,1,2,1
20030,1,0,0,1,2,1
20031,2,0,0,1,2,1
20032,1,0,0,1,2,1
20033,1,0,0,1,2,1
20034,2,0,0,1,2,1
20035,1,0,0,1,2,1
20036,2,0,0,2,2,1
20037,1,0,0,2,2,1
20038,1,0,0,1,2,1
20040,2,1,0,1,2,2
20042,1,0,0,1,2,1
20043,2,1,0,3,2,2
20044,1,0,0,1,2,1
20048,2,0,0,1,2,1
20050,1,0,0,3,2,1
20051,1,0,0,2,2,1
20052,1,0,0,1,2,1
20053,1,0,0,1,2,1
20056,4,0,0,2,2,1
20057,1,0,0,1,2,1
20059,3,0,0,2,2,1
20060,1,1,1,2,2,3
20061,2,0,0,3,2,1
20062,1,0,0,1,2,1
20063,2,1,0,2,2,2
20064,4,0,0,2,2,1
20065,2,1,0,3,2,2
20066,2,1,0,1,2,2
20067,1,0,0,1,2,1
20068,2,1,0,3,2,2
20069,1,0,0,1,2,1
20072,4,0,0,3,2,1
20073,4,0,0,1,2,1
20074,1,0,0,1,2,1
20075,2,1,0,3,2,2
20076,2,0,0,1,2,1
20077,2,0,0,2,2,1
20078,1,0,0,1,2,1
20079,1,0,0,2,2,1
20082,2,0,0,1,2,1
20083,1,0,0,1,2,1
20086,1,0,0,1,2,1
20087,2,0,0,1,2,1
20089,2,1,0,1,2,2
20091,1,0,0,1,2,1
20094,2,0,0,2,2,1
20095,1,0,0,1,2,1
20097,1,0,0,1,2,1
20098,1,0,0,1,2,1
20099,1,0,0,2,2,1
20100,1,0,0,1,2,1
20101,1,0,0,1,2,1
20103,1,0,0,2,2,1
20104,1,0,0,1,2,1
20105,1,0,0,1,2,1
20108,1,0,0,1,2,1
20109,2,1,0,3,2,2
20110,2,0,0,2,2,1
20113,1,0,0,1,2,1
20114,4,0,0,2,2,1
20115,4,0,0,2,2,1
20116,2,0,0,3,2,1
20117,1,0,0,3,2,1
20118,1,0,0,1,2,1
20121,2,0,0,3,2,1
20122,2,0,0,3,2,1
20124,1,0,0,2,2,1
20125,1,1,0,2,2,2
20126,4,0,0,1,2,1
20128,4,0,0,1,2,1
20129,4,0,0,1,2,1
20130,3,1,0,3,2,2
20131,4,0,0,1,2,1
20132,2,0,0,1,2,1
20133,1,0,0,1,2,1
20134,2,0,0,1,2,1
20135,1,0,0,1,2,1
20137,1,0,0,1,2,1
20138,2,1,0,1,2,2
20139,4,0,0,3,2,1
20140,1,0,0,1,2,1
20142,1,0,0,1,2,1
20143,2,0,0,1,2,1
20144,1,0,0,3,2,1
20145,1,0,0,2,2,1
20146,2,0,0,1,2,1
20149,1,0,0,1,2,1
20151,1,0,0,1,2,1
20153,1,0,0,2,2,1
20154,2,1,0,1,2,2
20155,3,0,0,1,2,1
20156,2,0,0,2,2,1
20158,1,0,0,1,2,1
20159,1,0,0,1,2,1
20160,4,0,0,1,2,1
20161,3,1,1,2,2,3
20162,2,0,0,1,2,1
20166,0,1,0,3,2,2
20168,1,0,0,2,2,1
20169,1,0,0,1,2,1
20170,2,0,0,3,2,1
20171,2,0,0,2,2,1
20172,2,1,0,3,2,2
20174,1,0,0,1,2,1
20175,4,0,0,1,2,1
20176,4,0,0,1,2,1
20177,1,0,0,1,2,1
20178,0,1,0,1,2,2
20179,0,1,0,1,2,2
20180,0,1,0,2,2,2
20181,4,0,0,1,2,1
20183,0,1,0,3,2,2
20184,0,1,0,1,2,2
21003,2,1,0,3,3,2
21005,3,0,0,2,3,1
21007,2,1,0,3,3,2
21008,2,1,0,2,3,2
21009,1,0,0,1,3,1
21010,2,0,0,2,3,1
21011,1,0,0,2,3,1
21013,3,0,0,3,3,1
21014,2,0,0,3,3,1
21015,1,0,0,1,3,1
21016,1,0,0,1,3,1
21017,1,0,0,3,3,1
21018,1,0,0,1,3,1
21019,2,0,0,1,3,1
21020,2,0,0,3,3,1
21022,0,1,1,2,3,3
21023,2,1,0,2,3,2
21024,2,0,0,2,3,1
21025,2,0,0,3,3,1
21026,1,0,0,3,3,1
21027,1,0,0,2,3,1
21028,2,1,0,2,3,2
21029,3,0,0,3,3,1
21030,1,0,0,1,3,1
21031,3,0,0,2,3,1
21032,3,1,0,1,3,2
21033,2,0,1,3,3,1
21035,1,0,0,2,3,1
21036,2,0,0,3,3,1
21037,2,0,0,1,3,1
21038,2,0,0,3,3,1
21039,2,0,0,1,3,1
21040,2,0,0,1,3,1
21041,2,0,1,3,3,1
21043,2,1,0,2,3,2
21045,2,0,0,2,3,1
21046,2,0,0,1,3,1
21047,3,0,0,2,3,1
21048,2,1,0,3,3,2
21050,2,1,0,1,3,2
21052,3,1,0,1,3,2
21055,2,1,0,3,3,2
21058,0,1,1,1,3,3
21060,0,1,1,2,3,3
21062,0,1,1,2,3,3
21064,2,0,0,2,3,1
21065,3,0,0,3,3,1
21067,0,1,1,2,3,3
21068,0,1,1,2,3,3
21070,2,1,0,2,3,2
21074,2,1,0,3,3,2
21076,2,1,0,2,3,2
21077,2,0,1,3,3,1
21078,2,0,0,2,3,1
21079,2,0,0,1,3,1
21080,3,0,0,3,3,1
21081,2,0,0,1,3,1
21082,3,0,0,3,3,1
21083,2,0,0,2,3,1
21084,2,0,0,3,3,1
21086,2,0,0,1,3,1
21087,2,0,0,3,3,1
21088,2,0,0,1,3,1
21089,1,0,0,3,3,1
21090,2,0,0,3,3,1
21091,2,0,0,3,3,1
21093,3,0,0,2,3,1
21094,3,1,0,1,3,2
21095,2,0,0,3,3,1
21096,2,0,0,3,3,1
21097,2,0,0,3,3,1
21098,2,0,0,2,3,1
21101,3,0,0,3,3,1
21102,2,0,0,2,3,1
21103,2,0,0,3,3,1
21104,2,0,0,2,3,1
21105,3,0,0,3,3,1
21106,2,0,0,2,3,1
21108,2,0,0,1,3,1
21109,2,0,0,3,3,1
21110,2,1,0,1,3,2
21111,1,1,0,2,3,2
21112,1,0,0,2,3,1
21113,0,1,1,3,3,3
21115,2,0,0,2,3,1
21116,2,0,0,1,3,1
21117,2,0,0,1,3,1
21118,2,0,0,2,3,1
21119,2,0,0,1,3,1
21122,2,1,0,1,3,2
21124,2,0,0,2,3,1
21131,2,0,0,2,3,1
21132,3,1,0,1,3,2
21133,1,0,0,1,3,1
21137,2,1,0,1,3,2
21138,2,0,0,1,3,1
23002,0,0,0,1,1,1
23003,0,0,0,1,1,1
23005,0,0,0,1,1,1
23006,0,1,0,2,1,2
23007,0,1,1,3,1,3
23010,0,0,0,1,1,1
23012,0,0,0,2,1,1
23013,0,0,0,3,1,1
23016,0,1,1,1,1,3
23018,0,0,0,1,1,1
23019,0,0,0,1,1,1
23020,0,0,0,1,1,1
23021,0,0,0,1,1,1
23022,0,0,0,2,1,1
23024,0,1,0,2,1,2
23025,0,0,0,2,1,1
23027,0,0,1,3,1,1
23028,0,0,0,1,1,1
23030,0,0,0,1,1,1
23031,0,0,0,1,1,1
23033,0,0,0,1,1,1
23035,0,0,0,1,1,1
23036,0,0,0,1,1,1
23038,0,0,0,1,1,1
23039,0,0,0,2,1,1
23202,0,0,0,1,1,1
23207,0,0,0,2,1,1
23211,0,1,0,1,1,2
23214,0,0,0,1,1,1
23220,0,1,0,2,1,2
23225,0,0,0,1,1,1
23231,0,0,0,1,1,1
23236,0,1,0,1,1,2
23240,0,0,0,1,1,1
24005,0,1,1,2,3,3
24007,2,1,1,1,3,3
24008,2,1,1,2,3,3
24009,2,1,0,2,3,2
24010,2,1,0,1,3,2
24011,2,1,0,3,3,2
24012,2,1,0,3,3,2
24016,2,1,0,2,3,2
24018,2,1,1,2,3,3
24019,2,1,0,2,3,2
24020,2,1,0,1,3,2
24031,2,1,0,2,3,2
24032,2,1,0,2,3,2
24033,2,1,0,2,3,2
24034,2,0,0,2,3,1
24035,2,1,1,2,3,3
24036,2,0,0,3,3,1
24038,2,1,0,2,3,2
24041,2,0,0,3,3,1
24042,2,1,0,3,3,2
24043,2,1,1,1,3,3
24045,2,1,0,3,3,2
24047,2,1,0,2,3,2
24048,2,0,0,2,3,1
24049,2,1,0,2,3,2
24050,2,1,0,2,3,2
24051,2,1,0,1,3,2
24055,2,1,0,2,3,2
24056,2,1,0,3,3,2
24057,2,1,0,2,3,2
24062,2,1,0,2,3,2
24063,2,1,1,1,3,3
24064,2,1,0,2,3,2
24065,2,1,0,3,3,2
24067,2,0,0,1,3,1
24068,2,1,1,2,3,3
24073,2,1,1,2,3,3
24074,2,1,0,3,3,2
24075,2,0,0,3,3,1
24077,2,1,1,1,3,3
24078,2,1,1,3,3,3
24080,2,1,0,3,3,2
24081,3,1,0,3,3,2
24082,2,1,1,2,3,3
24084,2,1,0,3,3,2
24085,2,1,0,3,3,2
24086,2,1,0,3,3,2
24087,2,0,0,2,3,1
24088,2,0,0,2,3,1
24090,3,0,0,1,3,1
24091,2,1,0,1,3,2
25001,2,,,1,1,2
25003,2,,,2,1,1
25004,0,1,1,2,1,3
25005,2,,,2,1,2
25006,0,0,1,3,1,1
25009,2,,,3,1,2
25011,2,1,1,2,1,3
25013,2,,,3,1,1
25016,2,,,2,1,2
25021,2,1,0,2,1,2
25024,2,1,0,2,1,2
25025,0,1,1,1,1,3
25026,0,0,1,3,1,1
25027,2,,,1,1,3
25028,2,1,1,2,1,3
25031,2,0,0,3,1,1
25032,0,1,1,1,1,3
25033,2,1,0,1,1,2
25036,3,,,1,1,2
25037,0,1,0,1,1,2
25038,2,,,1,1,2
25041,1,,,1,1,2
25044,2,1,0,3,1,2
25045,2,1,1,1,1,3
25050,1,1,1,2,1,3
25051,2,1,1,3,1,3
25055,2,1,0,2,1,2
25058,2,1,0,3,1,2
25059,1,,,2,1,2
25061,2,,,1,1,3
25065,2,1,0,3,1,2
25067,2,,,3,1,3
25069,0,1,1,3,1,3
25070,2,1,0,1,1,2
25071,0,1,0,3,1,2
25074,2,1,1,1,1,3
25075,1,1,0,3,1,2
25076,2,,,3,1,2
25077,2,1,0,2,1,2
25079,0,1,0,2,1,2
25082,0,1,1,1,1,3
25083,0,1,0,1,1,2
25084,2,1,0,1,1,2
25087,2,,,1,1,2
25088,0,1,0,1,1,2
25091,0,0,0,3,1,1
25094,0,0,1,3,1,1
25095,0,1,0,1,1,2
25096,2,,,2,1,2
25097,2,1,0,3,1,2
25098,1,,,1,1,3
25099,2,,,1,1,2
25101,0,1,1,3,1,3
25102,2,,,2,1,2
25103,2,0,0,1,1,1
25104,0,0,0,1,1,1
25105,2,,,1,1,2
25106,1,1,1,1,1,3
25109,2,1,0,1,1,2
25110,2,1,0,2,1,2
25111,2,1,1,1,1,3
25112,1,,,2,1,3
25114,3,1,1,2,1,3
25115,2,,,3,1,2
25120,2,1,0,2,1,2
25122,2,,,3,1,2
25123,0,1,0,1,1,2
25124,2,1,0,2,1,2
25125,0,1,0,2,1,2
25127,2,,,1,1,3
25129,0,1,1,2,1,3
25130,2,,,2,1,1
25134,0,1,0,3,1,2
25138,2,1,0,2,1,2
25139,2,,,1,1,3
25144,2,1,0,2,1,2
25146,0,1,1,1,1,3
25149,0,1,0,1,1,2
25151,0,1,1,1,1,3
25153,2,,,3,1,2
25156,0,1,0,2,1,2
25158,2,,,3,1,2
25159,0,1,0,1,1,2
25160,0,1,0,3,1,2
25161,2,1,1,1,1,3
25163,2,,,2,1,2
25164,0,0,0,1,1,1
25165,2,,,1,1,2
25166,1,1,0,1,1,2
25168,2,1,0,2,1,2
25169,0,1,0,1,1,2
25170,2,,,3,1,2
25172,2,,,2,1,2
25174,2,0,0,1,1,1
25175,2,,,1,1,2
25176,0,1,0,1,1,2
25179,0,1,0,1,1,2
25181,0,0,0,3,1,1
25182,0,1,0,2,1,2
25183,2,1,1,1,1,3
25184,0,1,1,1,1,3
25185,1,1,1,1,1,3
25187,0,1,0,3,1,2
25188,2,1,0,3,1,2
25189,2,1,1,3,1,3
25190,0,1,1,3,1,3
25192,0,1,0,1,1,2
26002,0,1,0,2,2,2
26004,4,0,0,2,2,1
26005,1,0,0,3,2,1
26006,0,1,1,3,2,3
26007,0,1,0,3,2,2
26008,0,1,0,3,2,2
26009,0,1,0,3,2,2
26010,1,0,0,3,2,1
26011,1,0,0,3,2,1
26016,0,1,1,2,2,3
26018,4,0,0,1,2,1
26023,0,1,1,1,2,3
26024,4,0,0,3,2,1
26026,4,0,0,3,2,1
26027,4,0,0,3,2,1
26028,0,1,0,3,2,2
26029,4,0,0,3,2,1
26030,0,1,1,2,2,3
26031,4,0,0,3,2,1
26032,0,1,0,1,2,2
26033,0,1,1,2,2,3
26035,0,1,1,3,2,3
26037,0,1,0,2,2,2
26038,0,1,0,3,2,2
26039,4,0,0,3,2,1
26045,4,0,0,3,2,1
26047,4,0,0,3,2,1
26049,0,1,1,3,2,3
26050,0,1,1,1,2,3
26051,0,1,0,3,2,2
26052,4,0,0,2,2,1
26053,0,1,0,3,2,2
26054,0,1,1,3,2,3
26056,0,1,0,1,2,2
26057,0,1,0,1,2,2
26058,4,0,0,3,2,1
26059,0,1,0,1,2,2
26060,1,0,0,3,2,1
26062,0,1,0,1,2,2
26063,1,0,0,3,2,1
26067,0,1,0,1,2,2
26068,1,0,0,3,2,1
26069,0,1,0,3,2,2
26070,0,1,0,1,2,2
26072,0,1,1,3,2,3
26075,4,0,0,3,2,1
26077,0,1,0,2,2,2
26078,4,0,0,1,2,1
26079,4,0,0,3,2,1
26083,4,0,0,2,2,1
26084,1,0,0,3,2,1
26085,4,0,0,3,2,1
26089,0,1,0,2,2,2
26099,0,1,1,3,2,3
26100,0,1,0,1,2,2
26101,1,0,0,1,2,1
26103,4,0,0,1,2,1
26107,0,1,0,3,2,2
26112,0,1,0,1,2,2
26113,1,0,0,3,2,1
26114,1,0,0,3,2,1
26119,1,0,0,1,2,1
26121,4,0,0,3,2,1
26122,4,0,0,2,2,1
26123,4,0,1,3,2,1
26125,4,0,0,2,2,1
26126,0,1,0,3,2,2
26127,0,1,0,1,2,2
26128,4,0,0,1,2,1
26129,0,1,0,3,2,2
26130,4,0,0,3,2,1
26131,4,0,0,1,2,1
26135,0,1,0,3,2,2
26136,4,0,0,2,2,1
26137,4,0,0,3,2,1
26139,0,1,0,1,2,2
26141,0,1,0,2,2,2
26142,0,1,0,1,2,2
26143,0,1,1,3,2,3
26145,0,1,1,3,2,3
26148,0,1,0,3,2,2
26149,0,1,1,3,2,3
26150,0,1,0,3,2,2
26151,0,1,1,3,2,3
26152,0,1,1,3,2,3
26153,0,1,1,1,2,3
26158,0,1,0,1,2,2
26159,0,1,1,3,2,3
26161,0,1,0,1,2,2
26165,4,0,0,1,2,1
26166,4,0,0,1,2,1
26167,0,1,0,1,2,2
26169,0,1,0,1,2,2
26172,0,1,0,1,2,2
26173,0,1,0,1,2,2
26174,0,1,0,1,2,2
26176,0,1,0,1,2,2
26177,0,1,0,1,2,2
26178,0,1,0,1,2,2
26180,4,0,0,2,2,1
27001,0,1,0,3,2,2
27002,4,0,0,1,2,1
27003,0,1,1,3,2,3
27004,4,0,0,1,2,1
27005,0,1,0,3,2,2
27006,0,1,1,1,2,3
27007,0,1,1,3,2,3
27008,0,1,0,1,2,2
27009,0,1,1,1,2,3
27010,0,1,0,3,2,2
27011,1,0,0,3,2,1
27012,0,1,0,1,2,2
27013,0,1,0,1,2,2
27014,0,1,0,2,2,2
27015,0,1,1,3,2,3
27016,0,1,1,3,2,3
27017,1,0,0,1,2,1
27018,4,0,0,3,2,1
27019,4,0,0,1,2,1
27021,4,0,0,3,2,1
27022,0,1,1,1,2,3
27023,0,1,0,1,2,2
27024,1,0,0,3,2,1
27025,0,1,0,1,2,2
27026,1,0,0,3,2,1
27027,1,0,0,1,2,1
27028,1,0,0,3,2,1
27029,0,1,0,1,2,2
27030,1,0,0,1,2,1
27031,1,0,0,3,2,1
27032,0,1,0,3,2,2
27033,1,0,0,3,2,1
27034,0,1,0,1,2,2
27035,4,0,0,1,2,1
27036,4,0,0,1,2,1
27037,4,0,0,2,2,1
27038,1,0,0,1,2,1
27039,4,0,0,1,2,1
27040,4,0,0,2,2,1
27041,4,0,0,3,2,1
27043,1,0,0,1,2,1
27044,4,0,0,3,2,1
27045,0,1,1,1,2,3
27046,0,1,0,2,2,2
27047,4,0,0,3,2,1
27048,0,1,1,2,2,3
27051,4,0,0,1,2,1
27053,4,0,0,2,2,1
27054,1,0,0,2,2,1
27055,0,1,0,1,2,2
27057,0,1,0,2,2,2
27058,1,0,0,2,2,1
27059,0,1,0,2,2,2
27062,4,0,0,3,2,1
27063,1,0,0,1,2,1
27066,1,0,0,2,2,1
27067,0,1,0,1,2,2
27068,0,1,0,2,2,2
27070,1,0,0,1,2,1
27071,1,0,0,1,2,1
27072,0,1,1,3,2,3
27073,0,1,0,1,2,2
27074,4,0,0,1,2,1
27076,4,0,0,1,2,1
27078,0,1,0,1,2,2
27079,4,0,0,3,2,1
27080,4,0,0,1,2,1
27082,4,0,0,2,2,1
27083,0,1,0,1,2,2
27084,1,0,0,1,2,1
27085,4,0,0,1,2,1
27086,4,0,0,2,2,1
27087,4,0,0,1,2,1
27088,1,0,0,3,2,1
27089,1,0,0,2,2,1
27092,4,0,0,3,2,1
27093,4,0,0,1,2,1
27094,4,0,0,1,2,1
27096,4,0,1,1,2,1
27097,1,0,0,2,2,1
27098,0,1,0,1,2,2
27099,1,0,0,2,2,1
27100,0,1,0,2,2,2
27101,4,0,0,3,2,1
27103,0,1,0,1,2,2
27104,0,1,0,1,2,2
27105,1,0,0,1,2,1
27106,0,1,1,3,2,3
27107,0,1,0,2,2,2
27108,0,1,1,3,2,3
27109,0,1,1,1,2,3
27110,4,0,0,3,2,1
27111,4,0,0,3,2,1
27112,0,1,1,2,2,3
27113,4,0,0,1,2,1
27114,4,0,0,1,2,1
27115,4,0,0,3,2,1
27116,1,0,0,1,2,1
27117,4,0,0,1,2,1
27118,1,0,0,2,2,1
27120,4,0,1,3,2,1
27122,1,0,0,3,2,1
27124,1,0,0,1,2,1
27126,4,0,1,3,2,1
27128,1,0,0,1,2,1
27129,0,1,0,1,2,2
29002,0,1,0,3,2,2
29005,0,1,1,3,2,3
29007,1,0,0,2,2,1
29008,0,1,1,1,2,3
29011,1,0,0,1,2,1
29012,2,1,0,1,2,2
29015,1,0,0,1,2,1
29016,1,0,0,1,2,1
29017,1,1,0,2,2,2
29018,1,0,0,3,2,1
29022,1,0,0,1,2,1
29023,0,1,1,2,2,3
29025,0,1,0,1,2,2
29029,1,0,0,1,2,1
29032,1,0,0,2,2,1
29034,4,0,0,2,2,1
29036,0,1,0,2,2,2
29040,1,0,0,1,2,1
29041,1,1,0,1,2,2
29042,4,0,0,3,2,1
29043,1,0,0,1,2,1
29044,1,0,0,1,2,1
29045,0,1,0,3,2,2
29047,1,1,0,1,2,2
29049,2,1,0,2,2,2
29051,2,1,0,3,2,2
29052,1,1,1,2,2,3
29054,0,1,1,1,2,3
29055,0,1,1,1,2,3
29056,4,0,0,3,2,1
29057,4,0,0,3,2,1
29066,2,1,1,2,2,3
29067,0,1,0,3,2,2
29068,1,1,0,1,2,2
29069,1,0,0,2,2,1
29070,4,0,0,1,2,1
29072,0,1,1,3,2,3
29074,2,1,0,3,2,2
29075,3,0,0,3,2,1
29076,2,1,0,1,2,2
29078,2,0,0,3,2,1
29079,0,1,1,2,2,3
29080,4,0,0,2,2,1
29081,2,1,0,2,2,2
29082,2,1,0,1,2,2
29083,2,0,0,2,2,1
29086,0,1,0,3,2,2
29087,1,0,0,3,2,1
29088,2,1,1,2,2,3
29089,4,0,0,3,2,1
29093,4,0,0,1,2,1
29094,2,1,0,3,2,2
29095,2,1,0,1,2,2
29096,0,1,1,1,2,3
29098,4,0,0,2,2,1
29102,2,0,0,3,2,1
29104,2,0,0,1,2,1
29105,2,1,1,3,2,3
29107,4,0,0,3,2,1
29109,3,1,0,2,2,2
29110,2,1,0,3,2,2
29111,2,0,0,1,2,1
29115,4,0,0,2,2,1
29116,1,0,0,1,2,1
29117,2,1,0,1,2,2
29119,2,0,0,1,2,1
29120,3,0,0,2,2,1
29122,4,0,0,3,2,1
29126,0,1,0,1,2,2
29128,2,0,0,2,2,1
29130,2,0,0,2,2,1
29131,2,0,0,1,2,1
29133,1,0,0,1,2,1
29136,2,1,0,1,2,2
29137,1,0,0,1,2,1
29142,1,0,0,2,2,1
29143,3,1,0,1,2,2
29145,1,0,0,2,2,1
29147,1,1,0,1,2,2
29149,2,1,0,2,2,2
29153,1,0,0,2,2,1
29155,4,0,0,3,2,1
29157,2,1,0,1,2,2
29158,0,1,1,1,2,3
29160,2,1,0,3,2,2
29161,0,1,0,3,2,2
29163,2,1,0,1,2,2
29165,0,1,0,3,2,2
29166,0,1,0,3,2,2
29167,4,0,0,3,2,1
29170,4,0,0,2,2,1
29175,4,0,0,3,2,1
29177,4,0,0,1,2,1
29178,1,0,0,1,2,1
29180,1,1,0,1,2,2
29181,4,0,0,1,2,1
29182,4,0,0,3,2,1
29184,2,1,0,3,2,2
29185,2,1,1,3,2,3
29186,0,1,0,3,2,2
29187,3,1,0,2,2,2
29189,0,1,0,1,2,2
29192,0,1,1,1,2,3
29193,0,1,1,3,2,3
29195,1,0,0,1,2,1
29196,1,0,0,1,2,1
29197,4,0,0,1,2,1
29198,1,0,0,1,2,1
29199,1,0,0,1,2,1
29200,1,0,0,1,2,1
29201,4,0,0,3,2,1
29202,0,1,0,1,2,2
29207,0,1,0,1,2,2
29213,0,1,1,3,2,3
29214,0,1,0,1,2,2
29215,1,0,0,3,2,1
29216,0,1,1,1,2,3
29219,0,1,0,3,2,2
29223,0,1,0,2,2,2
29224,0,1,0,1,2,2
29232,4,0,0,1,2,1
29234,4,0,0,1,2,1
29236,0,1,0,1,2,2
31001,1,0,0,1,2,1
31003,4,0,0,3,2,1
31004,1,0,0,1,2,1
31005,4,0,0,1,2,1
31007,4,0,0,1,2,1
31008,4,0,0,2,2,1
31009,1,0,0,1,2,1
31010,1,0,0,1,2,1
31011,1,0,0,1,2,1
31012,4,0,0,1,2,1
31013,1,0,0,1,2,1
31015,4,0,0,2,2,1
31016,1,0,0,1,2,1
31017,1,0,0,3,2,1
31018,1,0,0,3,2,1
31019,1,0,0,1,2,1
31020,1,0,0,1,2,1
31021,1,0,0,1,2,1
31022,1,0,0,1,2,1
31023,1,0,0,1,2,1
31024,4,0,1,3,2,1
31025,1,0,0,3,2,1
31026,4,0,0,3,2,1
31027,1,0,0,1,2,1
31028,4,0,0,1,2,1
31029,4,0,0,2,2,1
31030,1,0,0,1,2,1
31031,1,0,0,1,2,1
31032,4,0,1,3,2,1
31033,1,0,0,1,2,1
31036,0,1,1,1,2,3
31038,4,0,0,2,2,1
31039,1,0,0,3,2,1
31040,4,0,0,1,2,1
31041,4,0,0,1,2,1
31042,4,0,0,1,2,1
31043,4,0,0,3,2,1
31044,4,0,1,3,2,1
31045,1,0,0,1,2,1
31046,4,0,0,2,2,1
31047,0,1,1,2,2,3
31050,0,1,1,2,2,3
31051,0,1,0,1,2,2
31052,1,0,0,1,2,1
31053,0,1,0,2,2,2
31054,0,1,1,2,2,3
31056,4,0,0,1,2,1
31057,1,0,0,1,2,1
31058,1,0,0,1,2,1
31059,1,0,0,1,2,1
31060,4,0,0,1,2,1
31063,4,0,0,1,2,1
31065,1,0,0,1,2,1
31067,0,1,0,1,2,2
31068,4,0,0,3,2,1
31069,1,0,0,1,2,1
31070,4,0,0,1,2,1
31071,1,0,0,1,2,1
31072,1,0,0,1,2,1
31073,1,0,0,2,2,1
31074,4,0,0,1,2,1
31075,1,0,0,1,2,1
31076,0,1,0,2,2,2
31078,4,0,0,1,2,1
31079,4,0,0,1,2,1
31080,1,0,0,1,2,1
31081,4,0,0,1,2,1
31082,1,0,0,1,2,1
31084,1,0,0,1,2,1
31085,4,0,0,1,2,1
31086,0,1,0,2,2,2
31087,0,1,0,1,2,2
32001,1,0,0,2,4,1
32002,2,1,0,1,4,2
32003,4,0,0,3,4,1
32004,3,1,0,3,4,2
32005,4,0,0,1,4,1
32006,0,1,1,3,4,3
32007,1,0,0,1,4,1
32008,3,1,0,3,4,2
32009,4,0,0,2,4,1
32010,4,0,0,1,4,1
32011,3,1,0,3,4,2
32012,4,0,0,2,4,1
32013,1,0,0,1,4,1
32014,4,0,0,1,4,1
32015,3,1,0,2,4,2
32019,3,1,0,2,4,2
32020,0,1,1,3,4,3
32021,3,1,0,3,4,2
32022,0,1,1,3,4,3
32023,1,0,0,1,4,1
32024,1,1,0,1,4,2
32025,2,1,0,2,4,2
32026,1,0,0,3,4,1
32028,3,1,0,2,4,2
32030,4,0,0,1,4,1
32031,3,1,0,1,4,2
32033,3,1,0,1,4,2
32034,2,1,0,2,4,2
33001,0,1,0,3,1,2
33004,0,1,0,3,1,2
33005,0,1,0,1,1,2
33007,0,1,0,2,1,2
33008,0,0,0,1,1,1
33009,0,1,0,1,1,2
33010,0,0,0,3,1,1
33012,0,1,0,1,1,2
33014,0,0,0,1,1,1
33015,0,1,0,2,1,2
33017,0,0,0,1,1,1
33018,0,1,0,1,1,2
33019,0,0,0,1,1,1
33021,0,1,0,1,1,2
33022,0,0,0,1,1,1
33023,0,0,0,1,1,1
33024,0,0,0,1,1,1
33025,0,1,0,2,1,2
33027,0,0,0,1,1,1
33028,0,0,1,3,1,1
34002,0,1,0,2,1,2
34004,0,1,1,1,1,3
34005,2,1,0,3,1,2
34006,0,1,0,3,1,2
34008,2,1,1,1,1,3
34009,2,1,0,2,1,2
34012,0,1,0,2,1,2
34013,2,1,1,3,1,3
34014,0,1,1,1,1,3
34015,2,,,2,1,3
34016,0,1,0,2,1,2
34017,2,,,3,1,2
34019,0,1,1,2,1,3
34021,2,,,3,1,2
34024,2,1,0,2,1,2
34025,0,1,1,2,1,3
34026,2,,,3,1,2
34027,0,1,0,3,1,2
34029,2,1,1,2,1,3
34035,0,1,1,3,1,3
34036,2,1,0,3,1,2
34037,2,,,2,1,2
34038,0,1,1,1,1,3
34040,0,1,0,2,1,2
34041,0,1,0,1,1,2
34045,0,1,1,2,1,3
34046,0,1,0,3,1,2
34047,2,1,0,3,1,2
34048,2,,,3,1,2
34049,0,1,1,2,1,3
34050,2,,,2,1,2
34053,2,1,0,3,1,2
34059,0,1,0,1,1,2
34061,0,1,0,2,1,2
34062,1,1,1,2,1,3
34063,0,1,1,1,1,3
34064,2,,,3,1,3
34065,0,1,1,3,1,3
34066,0,1,0,3,1,2
34067,2,1,1,1,1,3
34068,2,1,0,3,1,2
34069,2,1,1,2,1,3
34070,0,1,1,1,1,3
34071,0,1,0,3,1,2
34072,2,1,1,2,1,3
34075,2,1,0,3,1,2
34076,2,,,2,1,2
34077,0,1,0,1,1,2
34078,0,1,0,2,1,2
34079,2,1,0,2,1,2
34080,0,1,1,2,1,3
34081,0,1,0,3,1,2
34084,0,1,1,2,1,3
34085,0,1,1,3,1,3
34087,2,1,0,3,1,2
34089,2,,,3,1,2
34090,2,1,0,3,1,2
34091,0,1,0,3,1,2
34092,2,1,0,2,1,2
34093,0,1,0,2,1,2
34094,0,1,0,3,1,2
34095,0,1,1,2,1,3
34096,2,1,0,3,1,2
34097,2,1,0,2,1,2
34099,2,1,1,2,1,3
34100,2,,,1,1,2
34102,0,1,1,2,1,3
34104,2,1,0,3,1,2
34105,0,1,0,1,1,2
34106,0,1,0,3,1,2
34107,0,1,1,3,1,3
34108,2,,,3,1,2
34109,0,1,0,3,1,2
34111,0,1,0,2,1,2
34113,2,1,1,2,1,3
34114,0,1,0,3,1,2
34115,0,1,0,2,1,2
34116,0,1,0,2,1,2
34119,0,1,0,3,1,2
34120,0,1,0,3,1,2
34121,0,1,1,1,1,3
34123,0,1,1,2,1,3
34124,0,1,1,2,1,3
34127,2,1,0,1,1,2
34128,0,1,0,3,1,2
34129,2,,,2,1,2
34131,0,1,0,3,1,2
34136,2,1,1,3,1,3
34137,0,1,0,2,1,2
34138,0,1,0,3,1,2
34139,0,1,1,2,1,3
34140,0,1,0,1,1,2
34141,0,1,0,1,1,2
34144,0,1,0,1,1,2
36002,0,1,1,2,1,3
36004,0,1,0,2,1,2
36005,0,1,1,2,1,3
36007,0,1,1,1,1,3
36008,0,1,1,2,1,3
36009,1,1,0,2,1,2
36011,0,1,1,3,1,3
36012,2,1,0,2,1,2
36013,2,1,1,2,1,3
36014,0,1,1,3,1,3
36015,1,1,0,2,1,2
36018,0,1,0,2,1,2
36020,2,0,0,3,1,1
36021,0,1,0,3,1,2
36022,0,0,0,2,1,1
36025,0,1,1,3,1,3
36026,0,1,0,3,1,2
36028,0,1,1,1,1,3
36031,1,1,1,2,1,3
36032,0,1,1,2,1,3
36033,0,1,0,3,1,2
36036,0,1,1,3,1,3
36037,2,1,0,3,1,2
36040,2,1,0,2,1,2
36042,0,1,0,2,1,2
36046,0,1,0,2,1,2
36047,2,1,0,3,1,2
36051,1,0,0,3,1,1
36052,1,1,1,3,1,3
36053,0,1,0,2,1,2
36055,2,1,1,3,1,3
36057,0,1,1,1,1,3
36058,2,1,0,3,1,2
36060,0,1,0,2,1,2
36063,0,0,0,1,1,1
36064,2,1,1,2,1,3
36065,2,0,0,1,1,1
36066,2,1,1,1,1,3
36067,0,1,1,2,1,3
36069,3,1,0,2,1,2
36070,0,1,0,1,1,2
36072,0,0,0,2,1,1
36073,1,1,1,2,1,3
36074,0,1,1,3,1,3
36077,2,1,1,2,1,3
36078,2,1,0,3,1,2
36081,2,1,1,3,1,3
36082,0,1,0,3,1,2
36083,2,1,0,3,1,2
36084,0,1,1,2,1,3
36086,0,1,1,3,1,3
36087,0,1,0,1,1,2
36088,0,1,1,3,1,3
36089,2,1,0,1,1,2
36092,0,1,1,2,1,3
36093,0,1,0,1,1,2
36094,0,0,1,3,1,1
36095,0,1,1,3,1,3
36100,0,1,0,2,1,2
36101,2,0,0,1,1,1
36103,2,1,1,3,1,3
36105,2,0,1,3,1,1
36106,1,0,0,1,1,1
36107,0,1,0,3,1,2
36109,2,1,1,3,1,3
36113,0,1,1,2,1,3
36115,0,1,0,2,1,2
36117,1,0,0,1,1,1
36118,0,0,0,2,1,1
36119,0,1,1,3,1,3
36121,0,1,1,3,1,3
36122,0,1,1,3,1,3
36123,0,1,0,3,1,2
36125,0,1,1,3,1,3
36126,0,1,0,1,1,2
36128,2,1,0,2,1,2
36131,0,1,0,2,1,2
36133,2,1,0,3,1,2
36135,0,1,0,1,1,2
36137,0,1,1,3,1,3
36141,0,1,1,3,1,3
36142,0,1,1,2,1,3
36143,2,0,0,2,1,1
36145,2,1,1,1,1,3
36146,0,1,0,3,1,2
36147,0,1,1,3,1,3
36148,1,0,0,3,1,1
36149,0,1,0,3,1,2
36151,0,1,0,1,1,2
36152,2,1,1,3,1,3
36153,0,1,0,1,1,2
36154,3,1,0,2,1,2
36155,2,1,1,3,1,3
36160,0,0,0,3,1,1
36161,0,1,0,3,1,2
36164,0,1,1,1,1,3
36166,2,1,0,2,1,2
36169,0,1,1,2,1,3
36170,1,1,1,1,1,3
36172,0,1,1,2,1,3
36173,2,1,0,1,1,2
36175,2,1,0,2,1,2
36177,0,0,0,2,1,1
36178,2,1,0,1,1,2
36179,2,1,0,2,1,2
36180,1,1,1,3,1,3
36181,0,1,1,1,1,3
36182,1,1,1,2,1,3
36183,2,1,0,3,1,2
36184,0,1,0,2,1,2
36186,0,1,1,2,1,3
36187,0,1,1,2,1,3
36188,0,1,1,3,1,3
36189,0,0,0,3,1,1
36190,0,1,0,3,1,2
36191,0,1,0,3,1,2
36192,2,0,0,3,1,1
36193,1,1,1,3,1,3
36194,0,1,1,3,1,3
36197,2,1,0,1,1,2
36198,0,1,0,1,1,2
36200,2,1,0,3,1,2
36201,0,1,1,3,1,3
36207,0,1,0,3,1,2
36208,0,1,0,2,1,2
36209,0,0,0,3,1,1
36210,2,0,0,1,1,1
36211,2,0,0,1,1,1
36212,0,0,0,2,1,1
36214,0,1,1,3,1,3
36215,0,1,0,3,1,2
36217,0,0,0,3,1,1
36218,0,1,0,1,1,2
36219,2,1,1,1,1,3
36220,0,1,0,1,1,2
36221,0,1,0,2,1,2
36222,0,1,0,1,1,2
36223,0,1,0,3,1,2
36224,0,1,0,1,1,2
36226,0,1,1,2,1,3
36227,2,1,0,1,1,2
36229,2,0,0,3,1,1
36231,0,1,0,1,1,2
36232,0,1,1,1,1,3
36233,0,1,1,3,1,3
36234,0,1,1,3,1,3
36235,2,0,0,2,1,1
36236,3,1,0,3,1,2
36237,0,1,0,1,1,2
36238,0,0,0,1,1,1
36242,2,1,1,3,1,3
36243,0,1,0,3,1,2
36244,0,1,1,2,1,3
36245,2,1,0,3,1,2
36246,0,0,0,2,1,1
36247,0,1,0,2,1,2
36248,0,1,1,3,1,3
36251,0,1,0,1,1,2
36253,2,1,1,1,1,3
36254,0,1,0,2,1,2
36255,0,0,0,3,1,1
36257,0,1,1,1,1,3
36258,0,1,1,3,1,3
36259,0,1,0,3,1,2
36260,0,1,0,2,1,2
36261,2,1,0,2,1,2
36262,0,1,0,3,1,2
36264,1,0,0,2,1,1
36265,2,0,0,2,1,1
36266,0,1,0,2,1,2
36268,2,0,0,1,1,1
36273,0,1,0,1,1,2
36274,0,0,0,2,1,1
36277,0,1,0,1,1,2
36279,1,1,0,3,1,2
36282,2,0,1,3,1,1
36285,3,1,0,3,1,2
36286,0,1,0,2,1,2
36287,0,1,1,1,1,3
36288,2,1,0,3,1,2
36289,0,1,1,1,1,3
36291,1,1,1,1,1,3
36292,2,1,1,1,1,3
36293,2,1,0,2,1,2
36296,0,1,0,1,1,2
36297,0,1,0,1,1,2
36298,2,1,0,1,1,2
36300,0,1,1,3,1,3
36303,2,1,1,2,1,3
36306,0,1,0,3,1,2
36308,0,1,0,2,1,2
36309,2,0,0,2,1,1
36310,0,1,1,2,1,3
36311,0,1,1,3,1,3
36313,0,1,0,2,1,2
36314,0,1,1,1,1,3
36317,0,1,1,3,1,3
36323,0,1,0,3,1,2
36324,0,1,0,1,1,2
36326,1,1,0,2,1,2
36327,0,1,1,1,1,3
36328,0,0,0,3,1,1
36329,2,1,0,1,1,2
36330,0,1,0,3,1,2
36335,0,1,0,2,1,2
36337,0,1,1,3,1,3
36338,0,1,0,1,1,2
36340,0,1,1,2,1,3
36341,0,1,1,3,1,3
36342,0,0,0,3,1,1
36345,0,1,0,3,1,2
36346,0,1,0,3,1,2
36347,0,0,0,1,1,1
36348,0,1,0,3,1,2
36350,0,0,0,1,1,1
37002,0,1,1,3,3,3
37003,2,1,0,3,3,2
37004,2,1,0,1,3,2
37006,0,1,1,3,3,3
37007,2,1,0,1,3,2
37008,2,1,0,1,3,2
37010,2,0,0,3,3,1
37011,2,0,0,3,3,1
37012,1,0,0,2,3,1
37013,1,0,0,1,3,1
37014,2,0,0,2,3,1
37015,1,1,0,2,3,2
37016,0,1,1,3,3,3
37018,2,1,0,2,3,2
37020,2,0,0,3,3,1
37021,1,0,0,3,3,1
37022,0,1,1,3,3,3
37025,2,0,0,2,3,1
37026,2,1,0,3,3,2
37027,2,0,0,3,3,1
37028,2,0,0,3,3,1
37029,2,0,0,3,3,1
37030,1,1,0,2,3,2
37031,2,0,0,3,3,1
37032,2,0,0,2,3,1
37033,1,0,0,3,3,1
37034,2,0,0,3,3,1
37035,2,1,0,2,3,2
37036,1,1,0,3,3,2
37037,2,0,0,2,3,1
37038,2,0,0,1,3,1
37040,2,1,0,2,3,2
37041,1,0,0,2,3,1
37042,1,1,0,1,3,2
37043,3,1,0,3,3,2
37044,3,0,0,3,3,1
37045,2,1,0,3,3,2
37046,3,1,0,1,3,2
37047,2,0,0,3,3,1
37048,3,0,0,3,3,1
37050,3,1,0,1,3,2
37051,2,0,0,2,3,1
37052,2,0,0,2,3,1
37054,1,0,0,3,3,1
37055,2,0,0,2,3,1
37056,2,1,0,3,3,2
37057,2,0,0,3,3,1
37058,2,1,0,1,3,2
37059,0,1,1,3,3,3
37061,1,0,0,3,3,1
37063,1,0,0,3,3,1
37064,2,0,0,3,3,1
37065,2,1,0,3,3,2
37066,1,0,0,3,3,1
37067,2,0,0,3,3,1
37068,1,0,0,2,3,1
37069,1,0,0,2,3,1
37070,2,0,0,1,3,1
37071,2,0,0,3,3,1
37072,3,0,0,2,3,1
37073,2,0,0,2,3,1
37074,2,0,0,1,3,1
37075,1,1,0,2,3,2
37077,3,0,0,3,3,1
37079,1,0,0,2,3,1
37080,2,1,0,1,3,2
37081,0,1,1,1,3,3
37082,1,0,0,3,3,1
37083,2,0,0,3,3,1
37084,1,1,0,1,3,2
37085,2,0,0,3,3,1
37086,2,1,0,1,3,2
37087,1,0,0,2,3,1
37088,0,1,1,3,3,3
37089,2,0,0,2,3,1
37090,2,1,0,3,3,2
37091,0,1,1,3,3,3
37092,2,0,0,3,3,1
37093,1,0,0,1,3,1
37094,1,0,0,3,3,1
37095,1,0,0,2,3,1
37096,1,1,0,2,3,2
37098,2,1,0,3,3,2
37099,1,1,0,3,3,2
37100,2,0,0,3,3,1
37101,1,0,0,3,3,1
37102,2,1,0,1,3,2
37103,2,1,0,1,3,2
37104,2,0,0,3,3,1
37105,2,0,0,2,3,1
37106,1,0,0,3,3,1
37107,2,1,0,2,3,2
37108,2,1,0,1,3,2
37115,2,1,0,1,3,2
37120,3,0,0,2,3,1
37121,2,0,0,3,3,1
37123,2,1,0,3,3,2
37124,2,0,0,2,3,1
37126,2,0,0,1,3,1
37129,3,1,0,1,3,2
37130,2,1,0,2,3,2
37131,3,1,0,1,3,2
37132,2,1,0,1,3,2
37133,3,1,0,1,3,2
37135,2,1,0,1,3,2
39002,0,1,1,3,2,3
39003,0,1,1,2,2,3
39004,0,1,0,2,2,2
39005,0,1,0,1,2,2
39006,4,0,0,3,2,1
39008,4,0,0,3,2,1
39009,0,1,1,1,2,3
39010,0,1,0,1,2,2
39011,0,1,0,2,2,2
39012,0,1,0,2,2,2
39013,0,1,0,1,2,2
39014,-9,-9,-9,-9,2,-9
39015,4,0,0,2,2,1
39017,0,1,0,2,2,2
39019,0,1,0,1,2,2
39020,4,0,0,3,2,1
39022,4,0,0,3,2,1
39024,0,1,1,3,2,3
39025,0,1,0,3,2,2
39026,0,1,1,3,2,3
39027,0,1,1,1,2,3
39028,0,1,0,2,2,2
39029,0,1,1,1,2,3
39030,0,1,0,2,2,2
39034,0,1,1,3,2,3
39035,0,1,0,3,2,2
39037,0,1,0,3,2,2
39038,0,1,0,3,2,2
39039,0,1,0,2,2,2
39040,0,1,1,1,2,3
39041,0,1,1,3,2,3
39042,1,0,0,3,2,1
39043,0,1,1,2,2,3
39044,0,1,0,3,2,2
39045,0,1,1,3,2,3
39046,0,1,1,3,2,3
39047,0,1,1,3,2,3
39049,0,1,0,1,2,2
39050,0,1,1,1,2,3
39052,4,0,0,3,2,1
39053,0,1,0,3,2,2
39054,0,1,0,2,2,2
39055,0,1,1,1,2,3
39057,0,1,1,2,2,3
39058,0,1,1,3,2,3
39060,4,0,0,3,2,1
39061,4,0,0,3,2,1
39063,0,1,0,3,2,2
39064,0,1,0,3,2,2
39066,4,0,0,1,2,1
39071,4,0,0,1,2,1
39073,4,0,0,1,2,1
39074,4,0,0,3,2,1
39076,1,0,0,1,2,1
39077,1,0,0,3,2,1
39078,4,0,0,3,2,1
39079,0,1,1,3,2,3
39080,0,1,0,3,2,2
39081,0,1,0,3,2,2
39082,0,1,0,3,2,2
39083,0,1,0,3,2,2
39084,0,1,0,1,2,2
39085,1,0,0,2,2,1
39087,0,1,0,3,2,2
39089,0,1,0,2,2,2
39090,0,1,0,1,2,2
39091,4,0,0,3,2,1
39096,0,1,1,1,2,3
39097,0,1,0,3,2,2
39100,0,1,0,3,2,2
39101,0,1,0,3,2,2
39103,0,1,0,1,2,2
39107,4,0,0,3,2,1
39109,0,1,0,3,2,2
39111,0,1,0,1,2,2
39114,1,0,0,1,2,1
39115,0,1,0,1,2,2
39116,4,0,0,3,2,1
39117,0,1,1,1,2,3
39118,0,1,0,2,2,2
39122,4,0,0,3,2,1
39123,0,1,0,3,2,2
39124,0,1,0,2,2,2
39125,4,0,0,3,2,1
39126,0,1,0,3,2,2
39130,0,1,1,1,2,3
39132,0,1,1,3,2,3
39133,0,1,0,2,2,2
39137,0,1,0,1,2,2
39138,0,1,0,2,2,2
39139,0,1,1,2,2,3
39140,0,1,0,3,2,2
39141,1,0,0,2,2,1
39142,0,1,0,2,2,2
39143,4,0,0,2,2,1
39144,1,0,0,1,2,1
39145,0,1,0,2,2,2
39148,1,0,0,3,2,1
39149,0,1,0,2,2,2
39150,0,1,1,3,2,3
39151,4,0,0,3,2,1
39153,0,1,1,2,2,3
39156,0,1,1,2,2,3
39160,0,1,0,2,2,2
39162,0,1,1,1,2,3
39165,0,1,0,2,2,2
39168,0,1,0,1,2,2
39170,4,0,0,1,2,1
39172,0,1,0,1,2,2
39174,0,1,0,1,2,2
40001,2,0,0,2,3,1
40003,3,0,0,3,3,1
40004,2,0,0,3,3,1
40006,3,1,0,1,3,2
40008,1,1,0,1,3,2
40009,2,1,0,1,3,2
40010,1,0,0,3,3,1
40011,1,0,0,1,3,1
40012,3,1,0,1,3,2
40016,1,0,0,1,3,1
40019,3,1,0,1,3,2
40021,1,0,0,1,3,1
40022,2,0,0,1,3,1
40023,1,0,0,1,3,1
40025,1,0,0,1,3,1
40026,1,0,0,1,3,1
40027,1,0,0,1,3,1
40028,3,0,0,1,3,1
40032,0,1,1,3,3,3
40034,1,0,0,1,3,1
40037,3,1,0,3,3,2
40039,1,1,0,1,3,2
40040,1,0,0,2,3,1
40041,2,0,0,1,3,1
40043,0,1,1,1,3,3
40044,2,0,0,2,3,1
40046,3,0,0,1,3,1
40047,3,1,0,1,3,2
40049,1,0,0,1,3,1
40050,1,1,0,1,3,2
40051,3,1,0,1,3,2
40052,1,0,0,1,3,1
40055,3,1,0,1,3,2
40059,0,1,1,2,3,3
40061,1,0,0,1,3,1
40062,2,0,0,3,3,1
40063,1,1,0,1,3,2
40065,3,1,0,1,3,2
40068,2,0,0,1,3,1
40069,1,0,0,1,3,1
40072,3,1,0,1,3,2
40073,3,1,0,1,3,2
40074,2,0,1,3,3,1
40076,1,1,0,1,3,2
40078,2,0,0,1,3,1
40079,2,0,0,3,3,1
40080,3,1,0,1,3,2
40081,2,0,0,3,3,1
40082,1,0,0,3,3,1
40083,2,0,0,1,3,1
40084,1,0,0,1,3,1
40085,3,1,0,1,3,2
40086,3,1,0,1,3,2
40087,1,0,0,1,3,1
40091,3,0,0,1,3,1
40092,2,1,0,1,3,2
40093,0,1,1,3,3,3
40094,3,0,0,1,3,1
40095,3,1,0,1,3,2
40097,2,0,0,2,3,1
40098,1,0,0,1,3,1
40100,1,0,0,2,3,1
40103,3,1,0,1,3,2
40104,3,1,0,1,3,2
40105,1,0,0,1,3,1
40107,1,0,0,1,3,1
40108,1,0,0,1,3,1
40109,3,1,0,1,3,2
40112,3,1,0,3,3,2
40113,2,0,0,2,3,1
40114,1,0,0,2,3,1
40115,0,1,1,1,3,3
40117,1,0,0,1,3,1
40119,1,0,0,1,3,1
40121,3,1,0,1,3,2
40123,1,1,0,1,3,2
40125,3,1,0,1,3,2
40126,2,1,0,1,3,2
40130,2,1,0,1,3,2
40131,0,1,1,3,3,3
40132,1,0,0,2,3,1
40133,3,1,0,1,3,2
40136,1,0,0,1,3,1
40137,2,0,0,3,3,1
40142,3,1,0,1,3,2
41001,4,0,0,3,4,1
41003,1,0,0,2,4,1
41004,1,0,0,2,4,1
41005,4,0,1,3,4,1
41006,2,0,0,2,4,1
41007,2,1,0,1,4,2
41008,0,1,1,3,4,3
41010,1,0,0,1,4,1
41011,4,0,0,2,4,1
41013,1,0,0,2,4,1
41014,1,0,0,1,4,1
41015,2,1,0,3,4,2
41016,2,1,0,3,4,2
41017,2,0,0,3,4,1
41019,1,0,0,1,4,1
41023,3,0,0,2,4,1
41024,2,1,0,2,4,2
41025,2,1,1,2,4,3
41026,2,1,0,3,4,2
41027,2,0,0,2,4,1
41028,2,1,0,2,4,2
41029,2,1,0,1,4,2
41030,1,0,0,3,4,1
41033,2,1,0,1,4,2
41035,1,0,0,1,4,1
41036,1,0,0,3,4,1
41037,0,1,1,1,4,3
41039,4,0,0,3,4,1
41040,2,1,0,3,4,2
41041,4,0,0,2,4,1
41043,3,1,0,1,4,2
41045,2,0,0,1,4,1
41046,1,0,0,1,4,1
41048,2,0,0,3,4,1
41049,3,1,0,1,4,2
41050,2,1,0,1,4,2
41051,0,1,1,3,4,3
41052,4,0,0,3,4,1
41053,2,1,0,1,4,2
41056,2,0,0,1,4,1
41057,1,0,0,1,4,1
41058,3,1,0,1,4,2
41059,1,0,0,1,4,1
41060,2,1,0,1,4,2
41061,2,0,0,1,4,1
41062,4,0,0,2,4,1
41064,0,1,1,3,4,3
41066,4,0,0,3,4,1
41068,2,1,0,1,4,2
41071,2,0,0,1,4,1
41073,2,0,0,1,4,1
41074,4,0,0,2,4,1
41077,2,0,0,1,4,1
41078,2,1,0,1,4,2
41082,1,0,0,1,4,1
41084,0,1,1,3,4,3
41085,2,1,0,2,4,2
41086,4,0,0,3,4,1
42001,2,1,0,2,1,2
42004,0,1,1,2,1,3
42005,2,0,0,3,1,1
42006,0,1,0,2,1,2
42009,2,1,1,1,1,3
42013,3,,,1,1,2
42014,0,1,0,2,1,2
42019,2,,,2,1,2
42020,0,1,0,2,1,2
42022,0,1,1,3,1,3
42025,0,1,1,1,1,3
42026,2,0,0,1,1,1
42027,2,0,0,1,1,1
42028,0,1,0,3,1,2
42029,2,0,0,1,1,1
42031,0,1,0,2,1,2
42032,2,0,0,2,1,1
42034,0,1,0,1,1,2
42035,0,1,0,2,1,2
42036,0,1,1,1,1,3
42037,0,1,1,1,1,3
42038,0,1,1,3,1,3
42039,2,,,3,1,3
42042,2,1,0,2,1,2
42043,0,1,1,1,1,3
42044,2,1,0,2,1,2
42049,0,0,0,2,1,1
42050,0,1,0,2,1,2
42051,0,1,0,3,1,2
42052,2,1,1,1,1,3
42053,2,1,1,3,1,3
42056,0,1,0,1,1,2
42057,2,0,0,3,1,1
42059,2,1,0,1,1,2
42060,0,0,0,3,1,1
42062,0,1,0,2,1,2
42064,0,0,0,2,1,1
42065,2,,,3,1,2
42066,0,1,0,1,1,2
42067,0,0,1,3,1,1
42068,0,1,0,1,1,2
42073,0,1,0,1,1,2
42074,2,1,0,2,1,2
42075,0,0,0,3,1,1
42078,2,,,2,1,3
42079,0,0,0,2,1,1
42080,0,1,1,3,1,3
42081,1,,,2,1,2
42085,0,1,0,1,1,2
42087,0,1,0,3,1,2
42088,0,1,0,1,1,2
42089,0,0,0,3,1,1
42090,2,1,0,1,1,2
42091,0,1,0,2,1,2
42093,0,0,0,1,1,1
42094,0,1,0,2,1,2
42096,2,1,0,2,1,2
42097,0,1,1,1,1,3
42098,2,,,3,1,2
42100,0,0,0,2,1,1
42105,0,1,1,1,1,3
42106,2,,,3,1,3
42107,0,1,1,1,1,3
42108,2,1,1,1,1,3
42110,2,1,0,2,1,2
42111,0,1,0,2,1,2
42112,2,0,0,2,1,1
42113,2,,,2,1,3
42114,0,0,0,1,1,1
42116,2,1,1,3,1,3
42118,0,0,0,3,1,1
42120,0,1,0,2,1,2
42121,0,1,0,2,1,2
42124,2,1,0,2,1,2
42125,0,1,0,1,1,2
42127,0,1,0,2,1,2
42128,0,0,0,2,1,1
42130,2,1,1,1,1,3
42132,0,1,0,1,1,2
42135,2,,,1,1,2
42136,0,1,0,1,1,2
42137,2,0,0,3,1,1
42138,1,1,0,1,1,2
42140,0,0,0,2,1,1
42141,2,1,0,2,1,2
42142,0,1,0,2,1,2
42143,0,1,0,2,1,2
42144,2,0,0,2,1,1
42145,0,0,0,3,1,1
42146,2,1,0,3,1,2
42147,2,,,1,1,2
42150,0,1,0,2,1,2
42153,2,0,0,2,1,1
42154,0,1,0,3,1,2
42155,0,1,0,1,1,2
42157,2,,,2,1,2
42158,2,1,1,3,1,3
42159,3,,,1,1,2
42160,2,1,0,2,1,2
42162,2,,,3,1,3
42163,2,,,3,1,2
42165,2,1,0,2,1,2
42167,0,1,1,1,1,3
42168,0,1,1,1,1,3
42170,0,0,0,2,1,1
42172,2,1,0,3,1,2
42174,0,0,0,3,1,1
42175,2,,,1,1,2
42177,2,1,0,3,1,2
42179,0,1,0,1,1,2
42181,0,1,1,1,1,3
42184,2,0,0,1,1,1
42185,2,,,3,1,1
42186,0,0,0,3,1,1
42187,2,1,0,1,1,2
42190,0,0,0,3,1,1
42192,0,1,0,3,1,2
42193,2,1,0,1,1,2
42195,2,,,1,1,2
42198,2,1,0,3,1,2
42201,0,1,1,3,1,3
42204,2,1,0,1,1,2
42211,0,1,1,1,1,3
42212,2,0,0,3,1,1
42213,0,1,0,3,1,2
42218,2,1,0,3,1,2
42220,3,1,0,1,1,2
42222,2,0,0,2,1,1
42224,3,1,0,1,1,2
42225,0,1,0,1,1,2
42226,2,0,0,3,1,1
42227,0,1,0,1,1,2
42228,0,1,1,1,1,3
42229,2,,,1,1,3
42230,0,0,0,3,1,1
42231,2,,,3,1,2
42232,2,1,1,2,1,3
42233,0,1,0,1,1,2
42235,0,1,0,1,1,2
42236,2,1,0,2,1,2
42237,0,1,1,1,1,3
42240,0,1,0,1,1,2
42241,0,1,0,1,1,2
42243,2,0,0,2,1,1
42246,2,1,1,2,1,3
42247,2,1,1,1,1,3
42248,0,1,0,3,1,2
42250,2,,,1,1,3
42251,0,1,1,1,1,3
42255,0,1,0,2,1,2
42257,2,,,2,1,1
42258,2,1,1,2,1,3
42261,0,0,0,2,1,1
42262,0,0,0,3,1,1
42263,3,1,0,2,1,2
42266,2,1,1,2,1,3
42267,0,0,0,1,1,1
42268,0,1,1,3,1,3
42269,2,1,1,1,1,3
42270,2,,,2,1,2
42271,2,,,1,1,2
42272,2,1,0,2,1,2
42274,0,1,1,1,1,3
42276,2,1,1,1,1,3
42278,2,1,0,1,1,2
42279,0,1,0,1,1,2
42284,0,1,0,2,1,2
42285,0,1,1,2,1,3
42287,2,1,0,2,1,2
42288,0,1,1,3,1,3
42289,0,1,1,1,1,3
42290,0,1,1,1,1,3
42291,0,1,1,1,1,3
42293,2,0,0,3,1,1
42294,2,,,2,1,2
42297,3,,,2,1,2
42298,2,,,2,1,2
42302,2,1,0,1,1,2
42303,2,0,0,2,1,1
42309,0,1,0,1,1,2
42311,0,1,1,2,1,3
42312,0,1,0,1,1,2
42313,2,1,0,2,1,2
42314,2,1,0,2,1,2
42316,0,1,1,2,1,3
42318,2,1,1,2,1,3
42320,0,1,0,3,1,2
42321,0,1,0,3,1,2
42323,0,1,1,3,1,3
42324,2,1,1,2,1,3
42325,2,1,1,3,1,3
42329,0,1,1,2,1,3
42330,0,1,1,1,1,3
42332,2,1,1,3,1,3
42333,0,1,1,3,1,3
44001,0,0,0,3,1,1
44002,0,1,0,3,1,2
44003,0,1,1,1,1,3
44005,0,1,1,3,1,3
44006,0,1,1,1,1,3
44007,0,1,0,1,1,2
44008,0,1,0,3,1,2
44010,0,1,0,2,1,2
44011,0,1,1,1,1,3
45001,2,1,0,2,3,2
45002,1,1,0,1,3,2
45003,1,0,0,2,3,1
45010,2,0,0,2,3,1
45013,2,1,1,2,3,3
45016,3,1,0,2,3,2
45020,2,1,0,2,3,2
45021,0,1,1,3,3,3
45022,2,1,0,3,3,2
45023,1,0,0,1,3,1
45024,1,0,0,1,3,1
45025,2,1,0,3,3,2
45026,2,0,0,2,3,1
45029,2,0,0,3,3,1
45030,1,0,0,1,3,1
45033,2,1,0,3,3,2
45036,3,1,0,3,3,2
45037,3,1,0,2,3,2
45038,1,0,0,3,3,1
45041,1,0,0,1,3,1
45043,1,0,0,2,3,1
45044,1,1,0,2,3,2
45045,2,1,0,1,3,2
45046,1,1,1,3,3,3
45047,1,0,0,3,3,1
45048,1,0,0,1,3,1
45049,2,1,0,1,3,2
45051,3,1,0,3,3,2
45052,1,1,0,2,3,2
45054,1,0,0,2,3,1
45056,1,1,0,1,3,2
45058,2,1,0,3,3,2
45062,2,0,0,3,3,1
45063,1,1,1,3,3,3
45064,1,0,0,3,3,1
45065,2,1,0,1,3,2
45067,3,0,0,3,3,1
45068,1,0,0,1,3,1
45070,3,1,0,2,3,2
45071,2,1,0,1,3,2
45072,3,0,0,2,3,1
45074,3,0,0,3,3,1
45075,1,0,0,3,3,1
45076,2,1,0,3,3,2
45079,-9,-9,-9,-9,3,-9
45080,2,0,0,3,3,1
45082,3,1,0,3,3,2
45083,1,0,0,1,3,1
45086,2,1,0,2,3,2
45087,1,0,0,2,3,1
45088,2,0,0,3,3,1
45089,2,1,0,2,3,2
45090,1,1,0,1,3,2
45091,1,0,0,2,3,1
45092,1,0,0,1,3,1
45093,1,0,0,3,3,1
45094,2,1,0,1,3,2
45096,1,0,0,1,3,1
45099,3,1,0,3,3,2
45100,2,1,1,2,3,3
45102,3,1,0,3,3,2
45103,3,1,0,1,3,2
45104,3,1,0,1,3,2
45105,1,0,0,3,3,1
45107,2,0,0,3,3,1
46001,0,1,0,1,2,2
46002,4,0,0,1,2,1
46004,4,0,0,1,2,1
46005,4,0,0,1,2,1
46006,4,0,0,1,2,1
46007,1,0,0,1,2,1
46009,4,0,0,1,2,1
46010,4,0,0,1,2,1
46012,4,0,0,2,2,1
46013,4,0,0,1,2,1
46015,4,0,0,1,2,1
46016,4,0,0,1,2,1
46018,4,0,0,1,2,1
46019,4,0,0,1,2,1
46020,4,0,0,3,2,1
46022,4,0,0,1,2,1
46023,4,0,0,3,2,1
46025,4,0,0,1,2,1
46026,0,1,1,3,2,3
46028,4,0,0,1,2,1
46029,1,0,0,1,2,1
46030,0,1,1,2,2,3
46031,4,0,0,2,2,1
46033,4,0,0,2,2,1
46034,4,0,0,3,2,1
46035,0,1,0,1,2,2
46036,1,0,0,1,2,1
46037,4,0,0,1,2,1
46038,4,0,0,3,2,1
46039,4,0,0,1,2,1
46040,4,0,0,1,2,1
46041,4,0,0,3,2,1
46045,1,0,0,1,2,1
46047,4,0,0,1,2,1
46053,4,0,0,1,2,1
47001,3,0,0,2,3,1
47002,3,1,0,2,3,2
47003,2,1,0,1,3,2
47004,0,1,1,2,3,3
47005,2,1,0,2,3,2
47006,3,0,0,2,3,1
47007,1,1,0,1,3,2
47008,2,1,0,3,3,2
47009,1,1,0,2,3,2
47010,3,0,0,2,3,1
47011,3,0,0,1,3,1
47012,3,1,0,1,3,2
47013,1,0,0,3,3,1
47014,0,1,1,3,3,3
47015,2,0,0,1,3,1
47016,2,1,0,3,3,2
47017,3,1,0,1,3,2
47018,3,0,0,2,3,1
47019,2,1,0,3,3,2
47020,2,0,0,2,3,1
47021,3,0,0,2,3,1
47022,3,1,0,2,3,2
47023,0,1,1,2,3,3
47024,2,1,0,2,3,2
47025,2,1,0,1,3,2
47026,2,1,1,3,3,3
47027,2,1,0,3,3,2
47028,3,0,0,1,3,1
47030,2,1,1,3,3,3
47031,3,1,0,1,3,2
47032,2,1,0,3,3,2
47033,0,1,1,3,3,3
47034,2,0,0,2,3,1
47035,2,1,0,1,3,2
47036,1,1,0,2,3,2
47037,2,1,0,1,3,2
47038,2,1,0,3,3,2
47039,1,0,0,3,3,1
47040,1,1,0,2,3,2
47041,3,1,0,2,3,2
47042,0,1,1,3,3,3
47043,0,1,1,2,3,3
47045,0,1,1,3,3,3
47046,3,1,0,3,3,2
47047,2,0,0,1,3,1
47048,2,1,0,2,3,2
47049,2,0,0,2,3,1
47050,3,1,0,3,3,2
47052,1,0,0,1,3,1
47055,1,1,0,2,3,2
47056,3,1,0,2,3,2
47057,3,1,0,2,3,2
47058,3,0,0,2,3,1
47059,3,0,0,2,3,1
47060,3,0,0,3,3,1
47061,3,1,0,2,3,2
47063,2,0,0,3,3,1
47064,1,0,0,2,3,1
47065,0,1,1,3,3,3
47066,2,0,0,3,3,1
47067,1,0,0,2,3,1
47068,3,0,0,1,3,1
47069,3,0,0,2,3,1
47070,2,1,0,3,3,2
47071,1,0,0,2,3,1
47072,0,1,1,2,3,3
47073,2,0,0,1,3,1
47074,1,0,0,2,3,1
47075,3,1,0,3,3,2
47076,3,0,0,3,3,1
47077,2,0,0,2,3,1
47078,3,0,0,2,3,1
47079,2,0,0,2,3,1
47080,2,0,0,3,3,1
47081,2,0,0,2,3,1
47082,3,1,0,2,3,2
47084,1,0,0,3,3,1
47085,2,0,0,1,3,1
47086,2,1,0,2,3,2
47087,1,1,0,2,3,2
47089,1,0,0,1,3,1
47091,1,0,0,1,3,1
47092,3,0,0,1,3,1
47093,3,1,0,2,3,2
47095,2,0,0,3,3,1
47096,2,1,0,1,3,2
47097,1,0,0,1,3,1
47099,2,0,0,1,3,1
47100,3,1,0,3,3,2
47101,3,1,0,1,3,2
47102,1,0,0,1,3,1
47103,1,0,0,1,3,1
47104,2,1,0,3,3,2
47105,1,0,0,2,3,1
47106,3,1,0,1,3,2
47107,3,0,0,3,3,1
47108,1,1,0,1,3,2
47109,3,0,0,2,3,1
47110,2,0,0,2,3,1
47111,3,0,0,1,3,1
47112,3,0,0,2,3,1
47113,2,0,0,2,3,1
47114,2,0,0,3,3,1
47115,1,0,0,2,3,1
47116,1,0,0,3,3,1
47117,3,1,0,2,3,2
47118,3,0,0,3,3,1
47119,2,0,0,1,3,1
47120,2,0,0,1,3,1
47122,1,0,0,1,3,1
47123,2,0,0,1,3,1
47124,1,0,0,2,3,1
47125,0,1,1,2,3,3
47126,2,0,0,2,3,1
47131,1,0,0,2,3,1
47132,2,0,0,1,3,1
47133,2,1,0,2,3,2
47134,0,1,1,3,3,3
47135,3,0,0,2,3,1
47137,2,1,0,1,3,2
47138,2,0,0,1,3,1
47139,0,1,1,1,3,3
47140,2,1,0,1,3,2
47142,3,1,0,1,3,2
47146,2,0,0,1,3,1
47148,2,1,0,1,3,2
47150,3,1,0,1,3,2
48003,0,1,1,3,3,3
48004,1,1,0,1,3,2
48006,0,1,1,3,3,3
48012,0,1,1,1,3,3
48015,2,1,0,3,3,2
48016,0,1,1,2,3,3
48017,1,0,0,2,3,1
48018,0,1,1,1,3,3
48019,3,1,0,1,3,2
48020,0,1,1,2,3,3
48021,1,0,0,1,3,1
48022,3,1,0,2,3,2
48023,2,1,0,2,3,2
48024,2,1,0,2,3,2
48025,3,1,0,2,3,2
48026,2,1,0,3,3,2
48028,3,1,0,3,3,2
48029,0,1,1,1,3,3
48030,2,0,0,1,3,1
48031,3,1,0,2,3,2
48032,2,1,0,2,3,2
48033,3,1,0,2,3,2
48035,3,0,0,3,3,1
48037,1,1,0,3,3,2
48038,0,1,1,1,3,3
48039,0,1,1,1,3,3
48040,2,0,0,1,3,1
48041,1,1,0,2,3,2
48042,2,1,0,2,3,2
48043,1,1,0,2,3,2
48044,3,1,0,1,3,2
48045,3,1,0,2,3,2
48046,0,1,1,1,3,3
48049,3,0,0,1,3,1
48050,3,1,0,2,3,2
48051,0,1,1,2,3,3
48055,0,1,1,2,3,3
48056,0,1,1,3,3,3
48058,2,0,0,3,3,1
48059,1,0,0,1,3,1
48060,2,0,0,3,3,1
48061,0,1,1,2,3,3
48062,2,1,0,3,3,2
48064,3,1,0,2,3,2
48065,3,0,0,3,3,1
48066,2,1,0,3,3,2
48067,0,1,1,2,3,3
48069,2,0,0,1,3,1
48071,3,1,0,2,3,2
48072,0,1,1,2,3,3
48074,2,1,0,3,3,2
48077,0,1,1,2,3,3
48079,2,0,0,2,3,1
48080,2,1,0,2,3,2
48081,3,1,0,2,3,2
48082,2,1,0,3,3,2
48084,2,1,0,1,3,2
48085,2,1,0,1,3,2
48086,3,1,0,2,3,2
48088,3,1,0,3,3,2
48091,3,1,0,3,3,2
48092,3,1,0,3,3,2
48093,3,1,0,3,3,2
48094,2,0,0,3,3,1
48095,3,0,0,3,3,1
48097,3,1,0,1,3,2
48098,3,1,0,2,3,2
48099,3,1,0,3,3,2
48100,1,1,0,2,3,2
48101,2,1,0,3,3,2
48102,3,1,0,1,3,2
48103,1,1,0,1,3,2
48104,3,1,0,1,3,2
48105,3,1,0,2,3,2
48106,2,0,0,3,3,1
48107,1,1,0,3,3,2
48108,3,1,0,1,3,2
48109,0,1,1,2,3,3
48110,2,0,0,2,3,1
48111,1,0,0,1,3,1
48112,3,1,0,1,3,2
48113,0,1,1,2,3,3
48116,1,0,0,1,3,1
48117,2,0,0,1,3,1
48118,3,1,0,3,3,2
48119,2,1,0,1,3,2
48122,2,0,0,1,3,1
48123,2,1,0,2,3,2
48124,0,1,1,1,3,3
48125,2,1,0,3,3,2
48126,3,1,0,3,3,2
48127,2,1,0,3,3,2
48128,2,1,0,1,3,2
48130,3,1,0,3,3,2
48131,3,1,0,2,3,2
48132,0,1,1,1,3,3
48133,0,1,1,2,3,3
48136,0,1,1,3,3,3
48137,0,1,1,1,3,3
48138,2,1,0,3,3,2
48139,3,1,0,2,3,2
48140,3,1,0,2,3,2
48142,0,1,1,3,3,3
48143,3,1,0,3,3,2
48146,1,1,0,1,3,2
48147,0,1,1,3,3,3
48149,2,0,0,3,3,1
48150,1,0,0,1,3,1
48151,3,1,0,1,3,2
48154,2,1,0,2,3,2
48156,2,1,0,2,3,2
48157,3,0,0,3,3,1
48158,3,0,0,2,3,1
48159,3,1,0,3,3,2
48161,3,1,0,2,3,2
48162,0,1,1,1,3,3
48163,2,1,0,2,3,2
48165,0,1,1,2,3,3
48166,2,0,0,1,3,1
48167,3,1,0,2,3,2
48168,3,1,0,1,3,2
48169,0,1,1,1,3,3
48170,2,0,0,3,3,1
48171,0,1,1,3,3,3
48172,0,1,1,2,3,3
48173,2,1,0,3,3,2
48174,2,0,0,1,3,1
48175,2,1,0,2,3,2
48176,2,0,0,2,3,1
48177,0,1,1,2,3,3
48178,3,1,0,3,3,2
48179,2,1,0,3,3,2
48180,3,0,0,2,3,1
48182,3,1,0,1,3,2
48183,1,0,0,1,3,1
48184,2,0,0,2,3,1
48185,0,1,1,3,3,3
48187,2,1,0,2,3,2
48188,3,1,0,2,3,2
48189,2,0,0,2,3,1
48190,1,0,0,1,3,1
48191,2,1,0,3,3,2
48193,2,0,0,2,3,1
48194,0,1,1,2,3,3
48195,3,1,0,2,3,2
48196,0,1,1,2,3,3
48198,3,1,0,2,3,2
48199,0,1,1,3,3,3
48201,3,1,0,2,3,2
48202,2,1,0,3,3,2
48203,2,0,0,1,3,1
48204,2,1,0,1,3,2
48205,0,1,1,3,3,3
48206,3,1,0,3,3,2
48207,1,0,0,3,3,1
48208,2,1,0,3,3,2
48209,3,0,0,3,3,1
48210,2,0,0,1,3,1
48212,0,1,1,1,3,3
48213,0,1,1,2,3,3
48214,0,1,1,2,3,3
48216,3,1,0,2,3,2
48217,0,1,1,1,3,3
48218,3,0,0,2,3,1
48219,0,1,1,2,3,3
48220,3,1,0,2,3,2
48221,3,1,0,2,3,2
48222,3,1,0,2,3,2
48224,2,1,0,1,3,2
48225,3,1,0,2,3,2
48227,0,1,1,3,3,3
48228,3,0,0,2,3,1
48229,1,1,0,1,3,2
48231,2,1,0,2,3,2
48232,2,0,0,1,3,1
48233,2,1,0,1,3,2
48234,2,1,0,1,3,2
48235,2,1,0,2,3,2
48236,3,1,0,3,3,2
48237,3,1,0,2,3,2
48238,3,1,0,1,3,2
48239,3,1,0,2,3,2
48240,2,1,0,2,3,2
48241,2,1,0,1,3,2
48242,3,1,0,2,3,2
48244,2,1,0,2,3,2
48247,0,1,1,3,3,3
48250,3,1,0,1,3,2
48251,2,1,0,2,3,2
48252,2,1,0,1,3,2
48253,2,1,0,1,3,2
48254,3,0,0,3,3,1
48260,3,1,0,1,3,2
48262,2,1,0,1,3,2
48263,0,1,1,1,3,3
48264,3,1,0,1,3,2
48265,3,1,0,1,3,2
48268,3,1,0,1,3,2
48271,2,1,0,2,3,2
48272,3,0,0,1,3,1
48275,3,1,0,1,3,2
48276,3,1,0,1,3,2
48277,3,1,0,2,3,2
48278,3,1,0,1,3,2
48279,3,1,0,2,3,2
48280,3,1,0,1,3,2
48281,2,0,0,1,3,1
48283,3,1,0,1,3,2
48284,3,1,0,1,3,2
48288,2,1,0,1,3,2
48290,2,0,0,2,3,1
48292,3,1,0,1,3,2
48295,3,1,0,1,3,2
48298,3,1,0,1,3,2
48300,3,1,0,1,3,2
48301,3,1,0,1,3,2
48303,3,1,0,1,3,2
48305,2,1,0,1,3,2
48308,3,1,0,1,3,2
48309,3,0,0,1,3,1
48310,2,1,0,3,3,2
48311,3,1,0,1,3,2
48318,3,1,0,1,3,2
48327,3,1,0,1,3,2
48330,3,1,0,1,3,2
48332,3,1,0,1,3,2
48338,3,1,0,1,3,2
48340,3,1,0,1,3,2
48341,3,1,0,2,3,2
48342,3,1,0,1,3,2
48344,3,1,0,1,3,2
48345,3,1,0,2,3,2
48346,3,1,0,1,3,2
48348,3,1,0,1,3,2
48350,3,1,0,1,3,2
48351,2,1,0,1,3,2
48355,3,1,0,1,3,2
48356,3,1,0,1,3,2
48358,3,1,0,1,3,2
48359,3,1,0,1,3,2
48360,3,1,0,1,3,2
48361,3,1,0,1,3,2
48362,2,1,0,1,3,2
48363,2,1,0,1,3,2
48366,3,1,0,1,3,2
48373,2,1,0,1,3,2
48375,1,0,0,1,3,1
48377,1,0,0,2,3,1
48378,1,0,0,1,3,1
48379,3,1,0,3,3,2
48384,2,1,0,1,3,2
48385,3,1,0,1,3,2
48389,3,1,0,1,3,2
48391,2,1,0,3,3,2
48392,2,1,0,3,3,2
48396,1,1,0,1,3,2
48397,2,1,0,1,3,2
48399,1,1,0,1,3,2
48400,1,1,0,2,3,2
48407,3,1,0,1,3,2
48408,1,1,0,1,3,2
48409,1,0,0,3,3,1
48410,2,1,0,1,3,2
48411,2,1,0,1,3,2
48412,2,0,0,1,3,1
48413,3,1,0,1,3,2
48414,2,0,0,1,3,1
48415,3,1,0,1,3,2
48418,2,1,0,1,3,2
48419,1,1,0,1,3,2
48422,1,0,0,2,3,1
48423,1,0,0,1,3,1
48424,1,0,0,1,3,1
48427,2,1,0,1,3,2
48428,3,1,0,1,3,2
48429,2,0,0,1,3,1
48430,3,1,0,1,3,2
48431,2,1,0,1,3,2
48433,1,1,0,1,3,2
48434,2,1,0,2,3,2
48435,3,1,0,1,3,2
48436,1,1,0,1,3,2
48441,3,1,0,1,3,2
48442,3,0,0,3,3,1
48443,2,0,0,1,3,1
48447,3,1,0,1,3,2
48448,3,1,0,1,3,2
48450,3,1,0,1,3,2
48451,3,1,0,1,3,2
48452,3,1,0,1,3,2
48453,3,1,0,1,3,2
48455,2,1,0,1,3,2
48456,3,1,0,3,3,2
48459,3,1,0,1,3,2
48460,3,1,0,1,3,2
48461,3,1,0,1,3,2
48465,3,1,0,1,3,2
48466,3,1,0,1,3,2
48467,3,1,0,1,3,2
48468,3,1,0,1,3,2
48469,3,1,0,1,3,2
48471,3,1,0,1,3,2
48473,2,1,0,1,3,2
48474,3,1,0,1,3,2
48475,3,1,0,1,3,2
48476,2,1,0,1,3,2
48477,3,1,0,3,3,2
48478,3,1,0,1,3,2
48479,3,1,0,1,3,2
48481,1,0,0,2,3,1
48482,1,0,0,1,3,1
48487,1,0,0,3,3,1
48488,3,0,0,1,3,1
48490,3,0,0,1,3,1
48491,2,1,0,1,3,2
48492,1,0,0,1,3,1
48495,1,0,0,1,3,1
48497,1,0,0,2,3,1
48501,1,0,0,1,3,1
48504,1,0,0,1,3,1
48505,1,0,0,1,3,1
48507,2,1,0,1,3,2
48508,3,1,0,1,3,2
48510,3,1,0,1,3,2
48512,3,1,0,1,3,2
48513,3,1,0,1,3,2
48517,3,1,0,1,3,2
48524,3,1,0,2,3,2
48526,3,1,0,1,3,2
48528,3,1,0,1,3,2
48529,3,1,0,1,3,2
48531,3,1,0,1,3,2
48532,3,1,0,1,3,2
48533,3,1,0,1,3,2
48537,3,1,0,1,3,2
48539,1,1,0,1,3,2
48541,1,0,0,2,3,1
48544,1,0,0,1,3,1
48545,3,1,0,1,3,2
48549,3,1,0,1,3,2
48557,3,1,0,1,3,2
48562,3,1,0,3,3,2
48563,2,1,0,1,3,2
48565,3,1,0,1,3,2
48577,2,1,0,1,3,2
48582,3,1,0,1,3,2
48594,3,1,0,1,3,2
48599,3,1,0,1,3,2
49001,2,1,0,1,4,2
49002,1,0,0,1,4,1
49003,3,1,0,1,4,2
49004,4,0,0,3,4,1
49005,4,0,0,2,4,1
49006,4,0,0,1,4,1
49007,2,0,0,1,4,1
49008,3,1,0,2,4,2
49009,4,0,0,1,4,1
49012,1,0,0,2,4,1
49013,4,0,0,2,4,1
49014,1,0,0,2,4,1
49015,2,0,0,1,4,1
49016,2,1,0,2,4,2
49017,4,0,0,1,4,1
49018,3,1,0,2,4,2
49019,2,1,1,1,4,3
49020,3,1,0,2,4,2
49021,4,0,0,3,4,1
49022,2,1,0,3,4,2
49023,2,0,0,1,4,1
49024,1,0,0,1,4,1
49025,2,0,0,3,4,1
49026,0,1,1,3,4,3
49027,0,1,1,1,4,3
49028,0,1,1,2,4,3
49029,0,1,1,2,4,3
49030,3,1,0,1,4,2
49032,0,1,1,3,4,3
49033,1,0,0,1,4,1
49034,2,0,0,1,4,1
49035,3,0,0,1,4,1
49036,2,1,0,1,4,2
49037,2,1,0,1,4,2
49040,1,0,0,2,4,1
49041,4,0,0,2,4,1
49042,1,0,0,1,4,1
49043,3,1,0,1,4,2
49051,3,1,0,1,4,2
49052,3,1,0,1,4,2
50002,0,0,0,2,1,1
50003,0,0,0,2,1,1
50004,0,0,0,1,1,1
50005,0,1,1,3,1,3
50006,0,0,0,1,1,1
50007,0,0,0,1,1,1
50008,0,0,0,1,1,1
50009,0,0,0,3,1,1
50010,0,1,0,1,1,2
50011,0,0,0,1,1,1
50012,0,0,0,2,1,1
50013,0,0,0,1,1,1
50014,0,0,0,1,1,1
51001,2,0,0,2,3,1
51002,3,0,0,3,3,1
51003,2,1,0,1,3,2
51004,2,1,0,3,3,2
51005,2,0,0,3,3,1
51006,2,0,0,3,3,1
51007,0,1,1,3,3,3
51009,0,1,1,2,3,3
51010,2,0,0,2,3,1
51011,2,0,0,3,3,1
51012,3,1,0,2,3,2
51013,0,1,1,2,3,3
51014,2,0,0,3,3,1
51016,3,1,0,1,3,2
51017,2,1,0,3,3,2
51019,0,1,1,3,3,3
51020,2,0,0,3,3,1
51021,2,0,0,3,3,1
51022,0,1,1,3,3,3
51023,2,1,0,1,3,2
51026,0,1,1,2,3,3
51027,2,1,0,2,3,2
51028,2,0,0,2,3,1
51030,2,1,0,1,3,2
51031,2,1,0,2,3,2
51033,0,1,1,1,3,3
51034,2,0,0,1,3,1
51035,3,1,0,3,3,2
51036,0,1,1,2,3,3
51037,0,1,1,1,3,3
51038,2,1,0,2,3,2
51039,2,0,0,1,3,1
51040,0,1,1,1,3,3
51041,0,1,1,2,3,3
51042,3,0,0,3,3,1
51043,0,1,1,3,3,3
51044,2,1,0,2,3,2
51045,1,1,0,3,3,2
51046,3,1,0,2,3,2
51047,2,1,0,3,3,2
51048,2,1,0,2,3,2
51049,2,0,0,3,3,1
51050,2,0,0,2,3,1
51051,2,0,0,1,3,1
51052,2,1,0,1,3,2
51053,2,0,0,1,3,1
51054,2,0,0,3,3,1
51056,2,0,0,2,3,1
51057,2,1,0,2,3,2
51058,2,1,0,1,3,2
51060,2,0,0,3,3,1
51061,2,0,0,1,3,1
51062,0,1,1,1,3,3
51063,3,1,0,2,3,2
51064,3,0,0,3,3,1
51065,2,0,0,3,3,1
51066,0,1,1,3,3,3
51068,2,0,0,2,3,1
51069,2,0,0,3,3,1
51070,3,0,0,3,3,1
51071,2,0,0,1,3,1
51073,2,1,0,2,3,2
51075,2,1,0,3,3,2
51076,2,0,0,3,3,1
51078,3,0,0,3,3,1
51079,2,0,0,3,3,1
51080,2,1,0,1,3,2
51082,0,1,1,1,3,3
51088,0,1,1,1,3,3
51098,2,1,0,3,3,2
51099,2,1,0,2,3,2
51100,3,1,0,1,3,2
53003,1,0,0,2,4,1
53004,1,0,0,1,4,1
53005,1,1,0,2,4,2
53007,2,1,0,2,4,2
53008,2,1,0,3,4,2
53009,1,0,0,1,4,1
53011,1,1,0,1,4,2
53012,1,1,0,2,4,2
53013,1,,,2,4,1
53015,1,,,3,4,1
53016,2,,,1,4,3
53017,2,1,0,2,4,2
53018,2,,,2,4,2
53019,1,0,0,3,4,1
53021,2,1,0,2,4,2
53023,2,1,0,1,4,2
53024,2,,,1,4,2
53026,1,1,0,2,4,2
53028,2,1,0,1,4,2
53029,1,0,0,1,4,1
53030,2,0,0,3,4,1
53033,1,0,0,1,4,1
53036,1,0,0,1,4,1
53037,2,1,0,3,4,2
53038,3,1,0,1,4,2
53039,0,1,1,2,4,3
53040,0,1,1,1,4,3
53043,1,1,0,1,4,2
53044,2,1,0,3,4,2
53045,1,0,0,2,4,1
53047,1,0,0,2,4,1
53048,1,0,0,3,4,1
53049,1,0,1,2,4,1
53050,2,1,0,3,4,2
53051,1,0,0,1,4,1
53052,1,0,0,1,4,1
53053,1,0,0,3,4,1
53056,2,1,0,2,4,2
53058,1,0,0,1,4,1
53059,2,,,3,4,2
53060,2,1,0,2,4,2
53061,2,1,0,3,4,2
53062,2,1,0,3,4,2
53063,1,0,0,1,4,1
53064,2,,,1,4,2
53065,0,1,1,2,4,3
53067,2,1,0,3,4,2
53069,1,0,0,1,4,1
53071,2,0,0,3,4,1
53073,1,0,0,3,4,1
53074,2,1,0,1,4,2
53075,3,1,0,2,4,2
53078,2,0,0,2,4,1
53079,1,1,0,1,4,2
53080,0,1,1,3,4,3
53082,2,1,0,2,4,2
53084,2,1,1,1,4,3
53085,2,1,0,3,4,2
53086,4,0,0,3,4,1
53087,2,1,1,1,4,3
53089,1,0,0,1,4,1
53090,1,0,0,3,4,1
53091,0,1,1,1,4,3
53093,0,1,1,1,4,3
53094,1,0,0,1,4,1
53095,1,0,0,2,4,1
53097,1,0,0,1,4,1
53098,2,1,0,3,4,2
53099,4,0,1,2,4,1
53102,1,0,0,1,4,1
53106,1,0,0,1,4,1
53107,3,1,0,2,4,2
53108,2,1,0,3,4,2
53109,0,1,1,3,4,3
53110,1,0,0,1,4,1
53111,1,1,0,1,4,2
53112,1,0,0,2,4,1
53116,1,0,0,2,4,1
53117,2,0,0,1,4,1
53118,1,0,0,3,4,1
53119,0,1,1,3,4,3
53120,1,0,0,3,4,1
53121,4,0,0,3,4,1
53122,1,0,0,1,4,1
53126,2,1,0,1,4,2
53127,2,1,0,3,4,2
53128,0,1,1,3,4,3
53130,2,1,0,1,4,2
53133,1,1,0,1,4,2
53135,1,1,0,1,4,2
53137,2,1,0,2,4,2
54001,2,0,0,3,3,1
54002,2,0,0,3,3,1
54003,1,0,0,1,3,1
54004,2,0,0,1,3,1
54005,2,0,0,1,3,1
54006,0,1,1,2,3,3
54007,0,1,1,3,3,3
54008,2,0,1,3,3,1
54010,2,0,0,3,3,1
54011,3,1,0,1,3,2
54012,2,0,0,3,3,1
54013,1,0,0,1,3,1
54014,1,0,0,2,3,1
54015,3,0,0,3,3,1
54021,2,0,0,2,3,1
54022,0,1,1,1,3,3
54023,3,0,0,3,3,1
54024,2,0,0,1,3,1
54025,2,0,0,3,3,1
54027,1,0,0,1,3,1
54030,2,0,0,2,3,1
54031,2,0,0,3,3,1
54032,1,0,0,1,3,1
54033,3,1,0,1,3,2
54034,2,0,0,2,3,1
54036,3,1,0,1,3,2
54037,3,0,0,3,3,1
54038,2,1,0,2,3,2
54039,2,0,0,1,3,1
54041,2,0,0,1,3,1
54042,1,0,0,1,3,1
54044,3,1,0,2,3,2
54045,2,0,0,3,3,1
54046,3,1,0,2,3,2
54047,2,0,0,2,3,1
54048,0,1,1,2,3,3
54049,2,0,0,2,3,1
54050,2,0,0,1,3,1
54051,1,0,0,2,3,1
54052,0,1,1,1,3,3
54053,2,0,1,3,3,1
54054,1,0,0,1,3,1
54055,2,1,0,3,3,2
54057,1,0,0,1,3,1
54061,2,1,0,3,3,2
54062,1,0,0,2,3,1
54072,3,1,0,1,3,2
54074,3,1,0,1,3,2
55001,1,0,0,1,2,1
55002,2,1,0,1,2,2
55003,2,1,0,3,2,2
55005,2,0,0,1,2,1
55007,2,1,0,1,2,2
55009,2,1,0,1,2,2
55010,2,1,1,1,2,3
55012,4,0,0,2,2,1
55013,3,0,0,1,2,1
55014,2,1,0,1,2,2
55015,2,1,0,2,2,2
55016,0,1,1,3,2,3
55017,2,1,0,1,2,2
55018,4,0,0,2,2,1
55019,2,0,0,3,2,1
55020,2,1,1,2,2,3
55021,2,0,0,2,2,1
55024,2,1,0,2,2,2
55025,4,0,0,1,2,1
55026,2,0,0,3,2,1
55027,4,0,0,2,2,1
55030,2,0,0,1,2,1
55031,2,0,0,1,2,1
55032,2,0,0,3,2,1
55033,2,0,0,1,2,1
55034,4,0,0,1,2,1
55035,4,0,0,1,2,1
55036,2,,,2,2,1
55037,2,1,0,2,2,2
55038,4,0,0,3,2,1
55041,4,0,0,3,2,1
55042,2,1,0,1,2,2
55044,2,1,0,1,2,2
55046,2,1,0,3,2,2
55048,2,0,0,3,2,1
55049,0,1,0,2,2,2
55051,2,0,0,2,2,1
55054,2,0,0,1,2,1
55055,2,,,3,2,1
55056,2,0,0,1,2,1
55057,4,0,0,3,2,1
55058,2,1,1,2,2,3
55061,0,1,1,1,2,3
55062,2,0,0,1,2,1
55063,2,1,0,1,2,2
55064,0,1,1,1,2,3
55067,2,0,0,1,2,1
55068,2,1,0,1,2,2
55069,2,0,0,1,2,1
55070,2,1,0,3,2,2
55071,2,1,0,3,2,2
55072,0,1,0,3,2,2
55073,1,1,0,3,2,2
55074,2,1,0,1,2,2
55075,1,1,1,3,2,3
55076,2,1,1,2,2,3
55079,2,0,0,2,2,1
55080,2,0,0,1,2,1
55081,4,0,0,1,2,1
55082,4,0,0,2,2,1
55084,2,0,0,1,2,1
55085,2,0,0,1,2,1
55086,1,0,0,2,2,1
55087,2,1,0,3,2,2
55088,2,1,0,2,2,2
55089,2,0,0,1,2,1
55090,2,0,0,1,2,1
55091,1,,,1,2,1
55092,2,1,0,3,2,2
55093,2,0,0,2,2,1
55095,2,0,0,2,2,1
55097,2,0,0,2,2,1
55099,2,1,0,2,2,2
55100,2,1,0,1,2,2
55101,2,1,0,2,2,2
55102,2,1,0,1,2,2
55103,4,0,0,2,2,1
55104,4,0,0,3,2,1
55106,2,1,0,1,2,2
55107,4,0,0,3,2,1
55109,2,0,0,1,2,1
55111,2,0,0,1,2,1
55112,2,1,0,3,2,2
55113,2,1,0,1,2,2
55114,2,0,0,1,2,1
55115,0,1,0,3,2,2
55116,2,1,0,2,2,2
55117,2,0,0,1,2,1
55118,2,1,0,2,2,2
55120,2,0,0,2,2,1
55121,2,0,0,1,2,1
55122,2,1,0,2,2,2
55123,0,1,0,1,2,2
55124,2,1,0,2,2,2
55125,2,0,0,2,2,1
55126,4,0,0,2,2,1
55127,0,1,0,2,2,2
55129,4,0,0,3,2,1
55130,2,1,1,2,2,3
55132,0,1,0,2,2,2
55134,2,0,0,2,2,1
55135,2,1,0,3,2,2
55137,4,0,0,1,2,1
55138,2,1,0,3,2,2
55139,2,1,0,1,2,2
55143,2,0,0,1,2,1
55144,2,1,0,1,2,2
55145,2,1,0,2,2,2
55146,2,0,0,2,2,1
55147,2,1,0,1,2,2
55149,2,1,0,1,2,2
55150,1,0,0,1,2,1
55151,2,1,0,3,2,2
55152,2,1,0,1,2,2
55153,1,0,0,1,2,1
55154,2,1,1,1,2,3
55155,2,1,0,3,2,2
55156,2,0,0,3,2,1
55158,2,0,0,1,2,1
55160,4,0,0,1,2,1
55161,4,0,0,2,2,1
55162,2,0,0,1,2,1
55163,4,0,0,1,2,1
55164,2,0,0,2,2,1
55165,2,1,0,3,2,2
55166,2,0,0,1,2,1
55167,2,1,0,1,2,2
55168,2,1,1,1,2,3
55169,2,,,1,2,1
55170,4,0,0,2,2,1
55171,2,,,1,2,1
55172,2,0,0,3,2,1
55175,2,1,1,1,2,3
55176,0,1,1,3,2,3
55178,0,1,0,1,2,2
55179,0,1,1,3,2,3
55180,0,1,0,1,2,2
55181,0,1,0,1,2,2
55182,0,1,0,1,2,2
55183,0,1,0,1,2,2
55184,0,1,0,2,2,2
55185,0,1,0,1,2,2
55186,0,1,0,1,2,2
55188,0,1,0,1,2,2
55189,0,1,0,1,2,2
55191,0,1,0,1,2,2
55195,4,0,0,1,2,1
56011,1,0,0,3,4,1
56013,1,0,0,1,4,1
56018,1,0,0,2,4,1
56019,1,0,0,1,4,1
56020,4,0,0,2,4,1
56024,4,0,0,3,4,1
H  12,22,50,1,3,1,1
S  12,34,10,1,3,3,2
USE34,82,10,1,0,2,3
