year,hospital,mergeid,control,location,teach,bedsize,region
1998,6021,19986021,3,1,0,3,4
1998,6277,19986277,2,1,0,3,4
1998,6632,19986632,0,1,1,3,4
1998,6632,19986632,0,1,1,3,4
1998,6632,19986632,0,1,1,3,4
1998,6632,19986632,0,1,1,3,4
1999,6010,19996010,0,1,1,2,4
1999,6081,19996081,0,1,1,3,4
1999,6081,19996081,0,1,1,3,4
1999,6081,19996081,0,1,1,3,4
1999,6081,19996081,0,1,1,3,4
1999,6081,19996081,0,1,1,3,4
1999,6081,19996081,0,1,1,3,4
1999,6081,19996081,0,1,1,3,4
1999,6081,19996081,0,1,1,3,4
1999,6081,19996081,0,1,1,3,4
1999,6081,19996081,0,1,1,3,4
1999,6081,19996081,0,1,1,3,4
1999,6081,19996081,0,1,1,3,4
1999,6210,19996210,0,1,1,2,4
1999,6284,19996284,0,1,1,3,4
1999,6624,19996624,0,1,1,1,4
1999,6624,19996624,0,1,1,1,4
1999,6626,19996626,0,1,1,3,4
1999,6626,19996626,0,1,1,3,4
1999,9008,19999008,0,1,1,1,1
1999,9030,19999030,0,1,1,3,1
1999,9030,19999030,0,1,1,3,1
2000,6004,20006004,1,1,0,3,4
2000,6106,20006106,2,1,0,3,4
2000,6299,20006299,1,1,0,2,4
2000,6299,20006299,1,1,0,2,4
2000,6382,20006382,0,1,1,3,4
2000,6515,20006515,0,1,1,3,4
2000,6515,20006515,0,1,1,3,4
2000,6515,20006515,0,1,1,3,4
2000,6626,20006626,0,1,1,3,4
2000,6626,20006626,0,1,1,3,4
2000,6626,20006626,0,1,1,3,4
2000,6626,20006626,0,1,1,3,4
2000,9042,20009042,0,1,1,3,1
2001,6048,20016048,0,1,1,2,4
2001,6144,20016144,2,1,0,3,4
2001,6207,20016207,0,1,1,3,4
2001,6207,20016207,0,1,1,3,4
2001,6257,20016257,0,1,1,3,4
2001,6257,20016257,0,1,1,3,4
2001,6257,20016257,0,1,1,3,4
2001,6257,20016257,0,1,1,3,4
2001,6257,20016257,0,1,1,3,4
2001,6257,20016257,0,1,1,3,4
2001,6257,20016257,0,1,1,3,4
2001,6365,20016365,2,1,0,2,4
2001,6370,20016370,0,1,1,2,4
2001,6408,20016408,0,1,1,2,4
2002,6002,20026002,0,1,1,3,4
2002,6002,20026002,0,1,1,3,4
2002,6002,20026002,0,1,1,3,4
2002,6048,20026048,0,1,1,2,4
2002,6060,20026060,0,1,1,3,4
2002,6060,20026060,0,1,1,3,4
2002,6060,20026060,0,1,1,3,4
2002,6060,20026060,0,1,1,3,4
2002,6060,20026060,0,1,1,3,4
2002,6144,20026144,2,1,0,3,4
2002,6193,20026193,2,1,0,3,4
2002,6370,20026370,0,1,1,2,4
2002,6370,20026370,0,1,1,2,4
2002,6515,20026515,0,1,1,3,4
2002,6515,20026515,0,1,1,3,4
2002,6515,20026515,0,1,1,3,4
2002,6526,20026526,0,1,1,3,4
2002,6632,20026632,0,1,1,3,4
2002,6632,20026632,0,1,1,3,4
2002,6663,20026663,2,1,0,3,4
2002,9070,20029070,0,1,1,3,1
2003,6257,20036257,0,1,1,3,4
2003,6257,20036257,0,1,1,3,4
2003,6257,20036257,0,1,1,3,4
2003,6276,20036276,2,1,0,3,4
2003,6276,20036276,2,1,0,3,4
2003,6276,20036276,2,1,0,3,4
2003,6276,20036276,2,1,0,3,4
2003,6276,20036276,2,1,0,3,4
2003,6276,20036276,2,1,0,3,4
2003,6276,20036276,2,1,0,3,4
2003,6276,20036276,2,1,0,3,4
2003,6299,20036299,1,1,0,3,4
2003,6439,20036439,2,1,0,3,4
2003,6525,20036525,0,1,1,2,4
2003,6624,20036624,0,1,1,2,4
2003,6624,20036624,0,1,1,2,4
2003,6624,20036624,0,1,1,2,4
2003,6624,20036624,0,1,1,2,4
2003,6624,20036624,0,1,1,2,4
2003,6624,20036624,0,1,1,2,4
2003,6624,20036624,0,1,1,2,4
2003,6624,20036624,0,1,1,2,4
2003,6624,20036624,0,1,1,2,4
2003,6624,20036624,0,1,1,2,4
2003,6663,20036663,2,1,0,3,4
2003,9042,20039042,0,1,1,3,1
2004,6060,20046060,0,1,1,3,4
2004,6060,20046060,0,1,1,3,4
2004,6060,20046060,0,1,1,3,4
2004,6060,20046060,0,1,1,3,4
2004,6060,20046060,0,1,1,3,4
2004,6284,20046284,0,1,1,3,4
2004,6454,20046454,0,1,1,1,4
2004,6525,20046525,0,1,1,2,4
2005,6010,20056010,0,1,1,2,4
2005,6010,20056010,0,1,1,2,4
2005,6010,20056010,0,1,1,2,4
2005,6010,20056010,0,1,1,2,4
2005,6081,20056081,0,1,1,3,4
2005,6081,20056081,0,1,1,3,4
2005,6081,20056081,0,1,1,3,4
2005,6081,20056081,0,1,1,3,4
2005,6081,20056081,0,1,1,3,4
2005,6081,20056081,0,1,1,3,4
2005,6081,20056081,0,1,1,3,4
2005,6081,20056081,0,1,1,3,4
2005,6081,20056081,0,1,1,3,4
2005,6081,20056081,0,1,1,3,4
2005,6345,20056345,2,1,0,3,4
2005,6345,20056345,2,1,0,3,4
2005,6399,20056399,3,1,0,3,4
2005,6515,20056515,0,1,1,3,4
2005,6515,20056515,0,1,1,3,4
2005,6515,20056515,0,1,1,3,4
2005,6624,20056624,0,1,1,2,4
2005,6624,20056624,0,1,1,2,4
2005,6624,20056624,0,1,1,2,4
2005,6624,20056624,0,1,1,2,4
2005,6624,20056624,0,1,1,2,4
2005,6624,20056624,0,1,1,2,4
2005,6624,20056624,0,1,1,2,4
2005,6624,20056624,0,1,1,2,4
2005,9030,20059030,0,1,1,3,1
2005,9030,20059030,0,1,1,3,1
2005,9030,20059030,0,1,1,3,1
2005,9030,20059030,0,1,1,3,1
2005,9030,20059030,0,1,1,3,1
2005,9030,20059030,0,1,1,3,1
2005,9030,20059030,0,1,1,3,1
2005,9030,20059030,0,1,1,3,1
2005,9030,20059030,0,1,1,3,1
2005,9030,20059030,0,1,1,3,1
2006,6233,20066233,0,1,1,3,4
2006,6284,20066284,0,1,1,3,4
2006,6408,20066408,0,1,1,2,4
2006,6626,20066626,0,1,1,3,4
2006,6626,20066626,0,1,1,3,4
2006,9030,20069030,0,1,1,3,1
2006,9030,20069030,0,1,1,3,1
2006,9030,20069030,0,1,1,3,1
2006,9030,20069030,0,1,1,3,1
2006,9030,20069030,0,1,1,3,1
2006,9030,20069030,0,1,1,3,1
2006,9030,20069030,0,1,1,3,1
2006,9030,20069030,0,1,1,3,1
2006,9030,20069030,0,1,1,3,1
2006,9030,20069030,0,1,1,3,1
2006,9030,20069030,0,1,1,3,1
2007,6149,20076149,2,1,0,2,4
2007,6257,20076257,0,1,1,3,4
2007,6257,20076257,0,1,1,3,4
2007,6257,20076257,0,1,1,3,4
2007,6257,20076257,0,1,1,3,4
2007,6285,20076285,1,1,0,3,4
2007,6525,20076525,0,1,1,2,4
2007,6548,20076548,2,1,0,3,4
2007,6624,20076624,0,1,1,1,4
2007,6624,20076624,0,1,1,1,4
2007,6624,20076624,0,1,1,1,4
2007,6624,20076624,0,1,1,1,4
2007,6624,20076624,0,1,1,1,4
2007,6624,20076624,0,1,1,1,4
2007,6632,20076632,0,1,1,3,4
2007,6641,20076641,2,1,0,3,4
2007,6641,20076641,2,1,0,3,4
2007,6641,20076641,2,1,0,3,4
2007,6641,20076641,2,1,0,3,4
2007,6641,20076641,2,1,0,3,4
2007,6641,20076641,2,1,0,3,4
2008,4022,20084022,0,1,1,3,4
2008,5013,20085013,2,0,0,3,3
2008,5064,20085064,2,1,0,2,3
2008,5083,20085083,0,1,1,3,3
2008,6002,20086002,0,1,1,3,4
2008,6081,20086081,0,1,1,3,4
2008,6081,20086081,0,1,1,3,4
2008,6081,20086081,0,1,1,3,4
2008,6081,20086081,0,1,1,3,4
2008,6081,20086081,0,1,1,3,4
2008,6081,20086081,0,1,1,3,4
2008,6081,20086081,0,1,1,3,4
2008,6081,20086081,0,1,1,3,4
2008,6081,20086081,0,1,1,3,4
2008,6081,20086081,0,1,1,3,4
2008,6081,20086081,0,1,1,3,4
2008,6081,20086081,0,1,1,3,4
2008,6081,20086081,0,1,1,3,4
2008,6081,20086081,0,1,1,3,4
2008,6081,20086081,0,1,1,3,4
2008,6276,20086276,2,1,0,3,4
2008,6276,20086276,2,1,0,3,4
2008,6276,20086276,2,1,0,3,4
2008,6276,20086276,2,1,0,3,4
2008,6276,20086276,2,1,0,3,4
2008,6276,20086276,2,1,0,3,4
2008,6276,20086276,2,1,0,3,4
2008,6276,20086276,2,1,0,3,4
2008,6276,20086276,2,1,0,3,4
2008,6276,20086276,2,1,0,3,4
2008,6276,20086276,2,1,0,3,4
2008,6276,20086276,2,1,0,3,4
2008,6276,20086276,2,1,0,3,4
2008,6276,20086276,2,1,0,3,4
2008,6276,20086276,2,1,0,3,4
2008,6276,20086276,2,1,0,3,4
2008,6276,20086276,2,1,0,3,4
2008,6276,20086276,2,1,0,3,4
2008,6276,20086276,2,1,0,3,4
2008,6276,20086276,2,1,0,3,4
2008,6276,20086276,2,1,0,3,4
2008,6276,20086276,2,1,0,3,4
2008,6276,20086276,2,1,0,3,4
2008,6276,20086276,2,1,0,3,4
2008,6276,20086276,2,1,0,3,4
2008,6276,20086276,2,1,0,3,4
2008,6276,20086276,2,1,0,3,4
2008,6276,20086276,2,1,0,3,4
2008,6276,20086276,2,1,0,3,4
2008,6276,20086276,2,1,0,3,4
2008,6276,20086276,2,1,0,3,4
2008,6276,20086276,2,1,0,3,4
2008,6276,20086276,2,1,0,3,4
2008,6276,20086276,2,1,0,3,4
2008,6626,20086626,0,1,1,3,4
2008,6626,20086626,0,1,1,3,4
2008,6626,20086626,0,1,1,3,4
2008,6626,20086626,0,1,1,3,4
2008,6626,20086626,0,1,1,3,4
2008,6626,20086626,0,1,1,3,4
2008,6626,20086626,0,1,1,3,4
2008,6626,20086626,0,1,1,3,4
2008,6626,20086626,0,1,1,3,4
2008,6626,20086626,0,1,1,3,4
2008,6626,20086626,0,1,1,3,4
2008,6626,20086626,0,1,1,3,4
2008,6626,20086626,0,1,1,3,4
2008,6626,20086626,0,1,1,3,4
2008,9030,20089030,0,1,1,3,1
2008,9030,20089030,0,1,1,3,1
2008,9030,20089030,0,1,1,3,1
2009,4050,20094050,0,1,1,3,4
2009,4050,20094050,0,1,1,3,4
2009,4050,20094050,0,1,1,3,4
2009,4050,20094050,0,1,1,3,4
2009,4050,20094050,0,1,1,3,4
2009,4050,20094050,0,1,1,3,4
2009,4050,20094050,0,1,1,3,4
2009,4050,20094050,0,1,1,3,4
2009,4050,20094050,0,1,1,3,4
2009,4050,20094050,0,1,1,3,4
2009,4050,20094050,0,1,1,3,4
2009,4050,20094050,0,1,1,3,4
2009,4117,20094117,0,1,1,2,4
2009,4117,20094117,0,1,1,2,4
2009,4117,20094117,0,1,1,2,4
2009,4117,20094117,0,1,1,2,4
2009,4117,20094117,0,1,1,2,4
2009,4117,20094117,0,1,1,2,4
2009,4117,20094117,0,1,1,2,4
2009,4117,20094117,0,1,1,2,4
2009,4117,20094117,0,1,1,2,4
2009,4117,20094117,0,1,1,2,4
2009,4117,20094117,0,1,1,2,4
2009,4117,20094117,0,1,1,2,4
2009,4117,20094117,0,1,1,2,4
2009,4117,20094117,0,1,1,2,4
2009,4117,20094117,0,1,1,2,4
2009,4117,20094117,0,1,1,2,4
2009,4117,20094117,0,1,1,2,4
2009,4117,20094117,0,1,1,2,4
2009,4117,20094117,0,1,1,2,4
2009,4117,20094117,0,1,1,2,4
2009,6060,20096060,0,1,1,3,4
2009,6060,20096060,0,1,1,3,4
2009,6060,20096060,0,1,1,3,4
2009,6060,20096060,0,1,1,3,4
2009,6060,20096060,0,1,1,3,4
2009,6060,20096060,0,1,1,3,4
2009,6060,20096060,0,1,1,3,4
2009,6081,20096081,0,1,1,3,4
2009,6081,20096081,0,1,1,3,4
2009,6081,20096081,0,1,1,3,4
2009,6081,20096081,0,1,1,3,4
2009,6081,20096081,0,1,1,3,4
2009,6081,20096081,0,1,1,3,4
2009,6081,20096081,0,1,1,3,4
2009,6081,20096081,0,1,1,3,4
2009,6081,20096081,0,1,1,3,4
2009,6081,20096081,0,1,1,3,4
2009,6081,20096081,0,1,1,3,4
2009,6081,20096081,0,1,1,3,4
2009,6081,20096081,0,1,1,3,4
2009,6081,20096081,0,1,1,3,4
2009,6081,20096081,0,1,1,3,4
2009,6081,20096081,0,1,1,3,4
2009,6081,20096081,0,1,1,3,4
2009,6081,20096081,0,1,1,3,4
2009,6144,20096144,2,1,0,3,4
2009,6624,20096624,0,1,1,1,4
2009,6624,20096624,0,1,1,1,4
2009,6624,20096624,0,1,1,1,4
2009,6624,20096624,0,1,1,1,4
2009,6624,20096624,0,1,1,1,4
2009,6624,20096624,0,1,1,1,4
2009,6624,20096624,0,1,1,1,4
2009,6624,20096624,0,1,1,1,4
2009,6641,20096641,2,1,0,3,4
2009,6641,20096641,2,1,0,3,4
2009,6641,20096641,2,1,0,3,4
2009,6641,20096641,2,1,0,3,4
2009,6641,20096641,2,1,0,3,4
2009,6641,20096641,2,1,0,3,4
2009,6641,20096641,2,1,0,3,4
2009,6641,20096641,2,1,0,3,4
2009,6641,20096641,2,1,0,3,4
2009,6641,20096641,2,1,0,3,4
2009,6641,20096641,2,1,0,3,4
2010,4050,20104050,2,1,1,3,4
2010,4050,20104050,2,1,1,3,4
2010,4050,20104050,2,1,1,3,4
2010,4050,20104050,2,1,1,3,4
2010,5013,20105013,2,0,0,3,3
2010,6002,20106002,1,1,1,3,4
2010,6002,20106002,1,1,1,3,4
2010,6002,20106002,1,1,1,3,4
2010,6060,20106060,2,1,1,3,4
2010,6060,20106060,2,1,1,3,4
2010,6060,20106060,2,1,1,3,4
2010,6060,20106060,2,1,1,3,4
2010,6060,20106060,2,1,1,3,4
2010,6060,20106060,2,1,1,3,4
2011,4033,20114033,0,1,1,3,4
2011,4033,20114033,0,1,1,3,4
2011,5108,20115108,0,1,1,2,3
2011,6624,20116624,0,1,1,2,4
2011,6624,20116624,0,1,1,2,4
2011,6624,20116624,0,1,1,2,4
2011,6624,20116624,0,1,1,2,4
2011,6624,20116624,0,1,1,2,4
2011,6624,20116624,0,1,1,2,4
2011,6624,20116624,0,1,1,2,4
2011,6624,20116624,0,1,1,2,4
2011,6624,20116624,0,1,1,2,4
2011,6624,20116624,0,1,1,2,4
2011,6624,20116624,0,1,1,2,4
2011,6624,20116624,0,1,1,2,4
2011,6624,20116624,0,1,1,2,4
2011,6624,20116624,0,1,1,2,4
2011,6624,20116624,0,1,1,2,4
2011,6624,20116624,0,1,1,2,4
2011,6624,20116624,0,1,1,2,4
2011,6624,20116624,0,1,1,2,4
2011,6624,20116624,0,1,1,2,4
2011,6624,20116624,0,1,1,2,4
2011,6624,20116624,0,1,1,2,4
2011,6624,20116624,0,1,1,2,4
2011,6624,20116624,0,1,1,2,4
2011,6624,20116624,0,1,1,2,4
2011,6624,20116624,0,1,1,2,4
2011,6624,20116624,0,1,1,2,4
2011,6624,20116624,0,1,1,2,4
2011,6624,20116624,0,1,1,2,4
2011,6624,20116624,0,1,1,2,4
2011,6624,20116624,0,1,1,2,4
2011,6624,20116624,0,1,1,2,4
2011,6624,20116624,0,1,1,2,4
2011,6624,20116624,0,1,1,2,4
2011,6641,20116641,0,1,1,3,4
2011,6641,20116641,0,1,1,3,4
2011,6641,20116641,0,1,1,3,4
2011,6641,20116641,0,1,1,3,4
2011,6641,20116641,0,1,1,3,4
2011,6641,20116641,0,1,1,3,4
2011,6641,20116641,0,1,1,3,4
2011,6641,20116641,0,1,1,3,4
2011,6641,20116641,0,1,1,3,4
2011,6641,20116641,0,1,1,3,4
2011,6641,20116641,0,1,1,3,4
2011,6641,20116641,0,1,1,3,4
2011,6641,20116641,0,1,1,3,4
2011,6641,20116641,0,1,1,3,4
2011,6641,20116641,0,1,1,3,4
2011,6641,20116641,0,1,1,3,4
2011,6641,20116641,0,1,1,3,4
2011,6641,20116641,0,1,1,3,4
2011,6641,20116641,0,1,1,3,4
2011,6641,20116641,0,1,1,3,4
2011,6641,20116641,0,1,1,3,4
2011,6641,20116641,0,1,1,3,4
2011,6641,20116641,0,1,1,3,4
2011,6641,20116641,0,1,1,3,4
2011,6641,20116641,0,1,1,3,4
2011,6641,20116641,0,1,1,3,4
2011,6641,20116641,0,1,1,3,4
2011,6641,20116641,0,1,1,3,4
1998,24041,199824041,2,0,0,3,3
1998,24042,199824042,2,1,0,3,3
1998,29051,199829051,0,1,0,3,2
1998,29051,199829051,0,1,0,3,2
1998,29051,199829051,0,1,0,3,2
1998,29051,199829051,0,1,0,3,2
1998,41025,199841025,0,1,1,2,4
1998,42025,199842025,0,1,1,1,1
1998,42116,199842116,0,1,1,3,1
1998,42268,199842268,0,1,1,3,1
1998,47033,199847033,0,1,1,3,3
1998,47033,199847033,0,1,1,3,3
1998,47033,199847033,0,1,1,3,3
1998,47033,199847033,0,1,1,3,3
1999,13024,199913024,0,1,1,3,3
1999,23007,199923007,#N/A,#N/A,#N/A,#N/A,#N/A
1999,24005,199924005,0,1,1,2,3
1999,24085,199924085,2,1,0,3,3
1999,24085,199924085,2,1,0,3,3
1999,24085,199924085,2,1,0,3,3
1999,24085,199924085,2,1,0,3,3
1999,24085,199924085,2,1,0,3,3
1999,29165,199929165,0,1,0,3,2
1999,29185,199929185,2,1,1,3,2
1999,29185,199929185,2,1,1,3,2
1999,29185,199929185,2,1,1,3,2
1999,29185,199929185,2,1,1,3,2
1999,29185,199929185,2,1,1,3,2
1999,34123,199934123,0,1,1,2,1
1999,36248,199936248,0,1,1,3,1
1999,42269,199942269,2,1,1,1,1
1999,42269,199942269,2,1,1,1,1
1999,42269,199942269,2,1,1,1,1
1999,42323,199942323,0,1,1,3,1
1999,42323,199942323,0,1,1,3,1
1999,42323,199942323,0,1,1,3,1
1999,45013,199945013,2,1,1,2,3
1999,47030,199947030,2,1,1,3,3
1999,47030,199947030,2,1,1,3,3
2000,13072,200013072,0,1,1,3,3
2000,13096,200013096,0,1,1,3,3
2000,19138,200019138,4,0,1,3,2
2000,21067,200021067,0,1,1,2,3
2000,21067,200021067,0,1,1,2,3
2000,21067,200021067,0,1,1,2,3
2000,21067,200021067,0,1,1,2,3
2000,21067,200021067,0,1,1,2,3
2000,21067,200021067,0,1,1,2,3
2000,21067,200021067,0,1,1,2,3
2000,21067,200021067,0,1,1,2,3
2000,21067,200021067,0,1,1,2,3
2000,25051,200025051,0,1,1,3,1
2000,29052,200029052,0,1,1,3,2
2000,29110,200029110,0,1,0,3,2
2000,37098,200037098,2,1,0,3,3
2000,41051,200041051,0,1,1,3,4
2000,42080,200042080,0,1,1,3,1
2000,42080,200042080,0,1,1,3,1
2000,42080,200042080,0,1,1,3,1
2000,42080,200042080,0,1,1,3,1
2000,42080,200042080,0,1,1,3,1
2000,42080,200042080,0,1,1,3,1
2000,42080,200042080,0,1,1,3,1
2000,42080,200042080,0,1,1,3,1
2000,42080,200042080,0,1,1,3,1
2000,42080,200042080,0,1,1,3,1
2000,42080,200042080,0,1,1,3,1
2000,42080,200042080,0,1,1,3,1
2000,42080,200042080,0,1,1,3,1
2000,42080,200042080,0,1,1,3,1
2000,42080,200042080,0,1,1,3,1
2000,42080,200042080,0,1,1,3,1
2000,42080,200042080,0,1,1,3,1
2000,42080,200042080,0,1,1,3,1
2000,42080,200042080,0,1,1,3,1
2000,42080,200042080,0,1,1,3,1
2000,42130,200042130,0,1,1,2,1
2000,42332,200042332,0,1,1,3,1
2000,47033,200047033,0,1,1,3,3
2000,47033,200047033,0,1,1,3,3
2000,47033,200047033,0,1,1,3,3
2000,48056,200048056,0,1,1,3,3
2000,48056,200048056,0,1,1,3,3
2000,48056,200048056,0,1,1,3,3
2000,48056,200048056,0,1,1,3,3
2000,48056,200048056,0,1,1,3,3
2000,48056,200048056,0,1,1,3,3
2000,48056,200048056,0,1,1,3,3
2000,48056,200048056,0,1,1,3,3
2000,48056,200048056,0,1,1,3,3
2000,48056,200048056,0,1,1,3,3
2000,48056,200048056,0,1,1,3,3
2000,48056,200048056,0,1,1,3,3
2000,48056,200048056,0,1,1,3,3
2000,48056,200048056,0,1,1,3,3
2000,48056,200048056,0,1,1,3,3
2000,48056,200048056,0,1,1,3,3
2000,48056,200048056,0,1,1,3,3
2000,48056,200048056,0,1,1,3,3
2000,48056,200048056,0,1,1,3,3
2000,48136,200048136,0,1,1,3,3
2001,13012,200113012,0,1,1,2,3
2001,19045,200119045,0,1,1,1,2
2001,19136,200119136,0,1,1,3,2
2001,19136,200119136,0,1,1,3,2
2001,19136,200119136,0,1,1,3,2
2001,19136,200119136,0,1,1,3,2
2001,27108,200127108,0,1,1,3,2
2001,27108,200127108,0,1,1,3,2
2001,27108,200127108,0,1,1,3,2
2001,27108,200127108,0,1,1,3,2
2001,27108,200127108,0,1,1,3,2
2001,27108,200127108,0,1,1,3,2
2001,27108,200127108,0,1,1,3,2
2001,27108,200127108,0,1,1,3,2
2001,27108,200127108,0,1,1,3,2
2001,27108,200127108,0,1,1,3,2
2001,27108,200127108,0,1,1,3,2
2001,27108,200127108,0,1,1,3,2
2001,27108,200127108,0,1,1,3,2
2001,27108,200127108,0,1,1,3,2
2001,27108,200127108,0,1,1,3,2
2001,27108,200127108,0,1,1,3,2
2001,27108,200127108,0,1,1,3,2
2001,27108,200127108,0,1,1,3,2
2001,27108,200127108,0,1,1,3,2
2001,36095,200136095,0,1,1,3,1
2001,36109,200136109,0,1,1,3,1
2001,36125,200136125,0,1,1,3,1
2001,36125,200136125,0,1,1,3,1
2001,36125,200136125,0,1,1,3,1
2001,36125,200136125,0,1,1,3,1
2001,36125,200136125,0,1,1,3,1
2001,36125,200136125,0,1,1,3,1
2001,36125,200136125,0,1,1,3,1
2001,36125,200136125,0,1,1,3,1
2001,36125,200136125,0,1,1,3,1
2001,36125,200136125,0,1,1,3,1
2001,36125,200136125,0,1,1,3,1
2001,36125,200136125,0,1,1,3,1
2001,36125,200136125,0,1,1,3,1
2001,36233,200136233,0,1,1,3,1
2001,36233,200136233,0,1,1,3,1
2001,37003,200137003,2,1,0,3,3
2001,37006,200137006,0,1,1,3,3
2001,37006,200137006,0,1,1,3,3
2001,37006,200137006,0,1,1,3,3
2001,37059,200137059,0,1,1,3,3
2001,37059,200137059,0,1,1,3,3
2001,41064,200141064,0,1,1,3,4
2001,42158,200142158,0,1,1,2,1
2001,42201,200142201,0,1,1,3,1
2001,42201,200142201,0,1,1,3,1
2001,42201,200142201,0,1,1,3,1
2001,42201,200142201,0,1,1,3,1
2001,42201,200142201,0,1,1,3,1
2001,42201,200142201,0,1,1,3,1
2001,42201,200142201,0,1,1,3,1
2001,42201,200142201,0,1,1,3,1
2001,42201,200142201,0,1,1,3,1
2001,42201,200142201,0,1,1,3,1
2001,42201,200142201,0,1,1,3,1
2001,42201,200142201,0,1,1,3,1
2001,42285,200142285,0,1,1,2,1
2001,42325,200142325,0,1,1,3,1
2001,42325,200142325,0,1,1,3,1
2001,42325,200142325,0,1,1,3,1
2001,42325,200142325,0,1,1,3,1
2001,42325,200142325,0,1,1,3,1
2001,47033,200147033,0,1,1,3,3
2001,47033,200147033,0,1,1,3,3
2001,48020,200148020,0,1,1,2,3
2001,48056,200148056,0,1,1,3,3
2001,48056,200148056,0,1,1,3,3
2001,48056,200148056,0,1,1,3,3
2001,48056,200148056,0,1,1,3,3
2001,48056,200148056,0,1,1,3,3
2001,48056,200148056,0,1,1,3,3
2001,48056,200148056,0,1,1,3,3
2001,48056,200148056,0,1,1,3,3
2001,48056,200148056,0,1,1,3,3
2001,48056,200148056,0,1,1,3,3
2001,48056,200148056,0,1,1,3,3
2001,48056,200148056,0,1,1,3,3
2001,48056,200148056,0,1,1,3,3
2001,48056,200148056,0,1,1,3,3
2001,48056,200148056,0,1,1,3,3
2001,48056,200148056,0,1,1,3,3
2001,48056,200148056,0,1,1,3,3
2001,48056,200148056,0,1,1,3,3
2001,48056,200148056,0,1,1,3,3
2001,48056,200148056,0,1,1,3,3
2001,48056,200148056,0,1,1,3,3
2001,48099,200148099,3,1,0,3,3
2001,48099,200148099,3,1,0,3,3
2001,48127,200148127,2,1,0,3,3
2001,48185,200148185,0,1,1,3,3
2001,48202,200148202,2,1,0,3,3
2001,48220,200148220,3,1,0,2,3
2002,13018,200213018,2,1,0,3,3
2002,13072,200213072,0,1,1,3,3
2002,19136,200219136,0,1,1,3,2
2002,19136,200219136,0,1,1,3,2
2002,19136,200219136,0,1,1,3,2
2002,19136,200219136,0,1,1,3,2
2002,21062,200221062,0,1,1,2,3
2002,21062,200221062,0,1,1,2,3
2002,24041,200224041,2,0,0,3,3
2002,24068,200224068,0,1,1,2,3
2002,27108,200227108,0,1,1,3,2
2002,27108,200227108,0,1,1,3,2
2002,27108,200227108,0,1,1,3,2
2002,27108,200227108,0,1,1,3,2
2002,27108,200227108,0,1,1,3,2
2002,27108,200227108,0,1,1,3,2
2002,27108,200227108,0,1,1,3,2
2002,27108,200227108,0,1,1,3,2
2002,27108,200227108,0,1,1,3,2
2002,27108,200227108,0,1,1,3,2
2002,27108,200227108,0,1,1,3,2
2002,27108,200227108,0,1,1,3,2
2002,27108,200227108,0,1,1,3,2
2002,27108,200227108,0,1,1,3,2
2002,27108,200227108,0,1,1,3,2
2002,27108,200227108,0,1,1,3,2
2002,27108,200227108,0,1,1,3,2
2002,27108,200227108,0,1,1,3,2
2002,27108,200227108,0,1,1,3,2
2002,27108,200227108,0,1,1,3,2
2002,27108,200227108,0,1,1,3,2
2002,27108,200227108,0,1,1,3,2
2002,27108,200227108,0,1,1,3,2
2002,27108,200227108,0,1,1,3,2
2002,27108,200227108,0,1,1,3,2
2002,27108,200227108,0,1,1,3,2
2002,27108,200227108,0,1,1,3,2
2002,27108,200227108,0,1,1,3,2
2002,27108,200227108,0,1,1,3,2
2002,29066,200229066,0,1,1,1,2
2002,29185,200229185,0,1,1,3,2
2002,29185,200229185,0,1,1,3,2
2002,29185,200229185,0,1,1,3,2
2002,29185,200229185,0,1,1,3,2
2002,29185,200229185,0,1,1,3,2
2002,29185,200229185,0,1,1,3,2
2002,29185,200229185,0,1,1,3,2
2002,29185,200229185,0,1,1,3,2
2002,29185,200229185,0,1,1,3,2
2002,29185,200229185,0,1,1,3,2
2002,29185,200229185,0,1,1,3,2
2002,29185,200229185,0,1,1,3,2
2002,29185,200229185,0,1,1,3,2
2002,29185,200229185,0,1,1,3,2
2002,34085,200234085,0,1,1,3,1
2002,36133,200236133,0,1,0,3,1
2002,36155,200236155,0,1,1,1,1
2002,37016,200237016,0,1,1,3,3
2002,37016,200237016,0,1,1,3,3
2002,37022,200237022,0,1,1,3,3
2002,37022,200237022,0,1,1,3,3
2002,41008,200241008,0,1,1,3,4
2002,42158,200242158,0,1,1,2,1
2002,42237,200242237,0,1,1,1,1
2002,48020,200248020,0,1,1,2,3
2002,48038,200248038,0,1,1,1,3
2002,48038,200248038,0,1,1,1,3
2002,48038,200248038,0,1,1,1,3
2002,48038,200248038,0,1,1,1,3
2002,48038,200248038,0,1,1,1,3
2002,48038,200248038,0,1,1,1,3
2002,48038,200248038,0,1,1,1,3
2002,48038,200248038,0,1,1,1,3
2002,48041,200248041,1,1,0,2,3
2002,48055,200248055,0,1,1,2,3
2002,48055,200248055,0,1,1,2,3
2002,48247,200248247,0,1,1,3,3
2003,27045,200327045,0,1,1,2,2
2003,29096,200329096,0,1,1,1,2
2003,29096,200329096,0,1,1,1,2
2003,29185,200329185,0,1,1,3,2
2003,29185,200329185,0,1,1,3,2
2003,29185,200329185,0,1,1,3,2
2003,29185,200329185,0,1,1,3,2
2003,29185,200329185,0,1,1,3,2
2003,29185,200329185,0,1,1,3,2
2003,29185,200329185,0,1,1,3,2
2003,29185,200329185,0,1,1,3,2
2003,29185,200329185,0,1,1,3,2
2003,29185,200329185,0,1,1,3,2
2003,29185,200329185,0,1,1,3,2
2003,29185,200329185,0,1,1,3,2
2003,29185,200329185,0,1,1,3,2
2003,36109,200336109,0,1,1,3,1
2003,36125,200336125,0,1,1,3,1
2003,36125,200336125,0,1,1,3,1
2003,36125,200336125,0,1,1,3,1
2003,36125,200336125,0,1,1,3,1
2003,36125,200336125,0,1,1,3,1
2003,36201,200336201,0,1,1,3,1
2003,36201,200336201,0,1,1,3,1
2003,36201,200336201,0,1,1,3,1
2003,36201,200336201,0,1,1,3,1
2003,36201,200336201,0,1,1,3,1
2003,36201,200336201,0,1,1,3,1
2003,36201,200336201,0,1,1,3,1
2003,36201,200336201,0,1,1,3,1
2003,36201,200336201,0,1,1,3,1
2003,36201,200336201,0,1,1,3,1
2003,36201,200336201,0,1,1,3,1
2003,36201,200336201,0,1,1,3,1
2003,37016,200337016,0,1,1,3,3
2003,37016,200337016,0,1,1,3,3
2003,37022,200337022,0,1,1,3,3
2003,37121,200337121,2,0,0,3,3
2003,42080,200342080,0,1,1,3,1
2003,42080,200342080,0,1,1,3,1
2003,42080,200342080,0,1,1,3,1
2003,42080,200342080,0,1,1,3,1
2003,42080,200342080,0,1,1,3,1
2003,42080,200342080,0,1,1,3,1
2003,42323,200342323,0,1,1,3,1
2003,42323,200342323,0,1,1,3,1
2003,42323,200342323,0,1,1,3,1
2003,42323,200342323,0,1,1,3,1
2003,42323,200342323,0,1,1,3,1
2003,42323,200342323,0,1,1,3,1
2003,42323,200342323,0,1,1,3,1
2003,42323,200342323,0,1,1,3,1
2003,42323,200342323,0,1,1,3,1
2003,42323,200342323,0,1,1,3,1
2003,42323,200342323,0,1,1,3,1
2003,42323,200342323,0,1,1,3,1
2003,42323,200342323,0,1,1,3,1
2003,42323,200342323,0,1,1,3,1
2003,42323,200342323,0,1,1,3,1
2003,47033,200347033,0,1,1,3,3
2003,47084,200347084,1,0,0,3,3
2003,48003,200348003,0,1,1,3,3
2003,48003,200348003,0,1,1,3,3
2003,48003,200348003,0,1,1,3,3
2003,48003,200348003,0,1,1,3,3
2003,48003,200348003,0,1,1,3,3
2003,48003,200348003,0,1,1,3,3
2003,48093,200348093,3,1,0,3,3
2003,48099,200348099,3,1,0,3,3
2003,48127,200348127,2,1,0,3,3
2003,48127,200348127,2,1,0,3,3
2003,48147,200348147,0,1,1,3,3
2003,48173,200348173,2,1,0,3,3
2003,48194,200348194,0,1,1,2,3
2003,48194,200348194,0,1,1,2,3
2003,48194,200348194,0,1,1,2,3
2003,48220,200348220,3,1,0,3,3
2004,13017,200413017,0,1,1,2,3
2004,13072,200413072,0,1,1,3,3
2004,19136,200419136,0,1,1,3,2
2004,21062,200421062,0,1,1,2,3
2004,21062,200421062,0,1,1,2,3
2004,29185,200429185,0,1,1,3,2
2004,29185,200429185,0,1,1,3,2
2004,29185,200429185,0,1,1,3,2
2004,29185,200429185,0,1,1,3,2
2004,29185,200429185,0,1,1,3,2
2004,29185,200429185,0,1,1,3,2
2004,29185,200429185,0,1,1,3,2
2004,29185,200429185,0,1,1,3,2
2004,29185,200429185,0,1,1,3,2
2004,29185,200429185,0,1,1,3,2
2004,29185,200429185,0,1,1,3,2
2004,29185,200429185,0,1,1,3,2
2004,29185,200429185,0,1,1,3,2
2004,29185,200429185,0,1,1,3,2
2004,29185,200429185,0,1,1,3,2
2004,29185,200429185,0,1,1,3,2
2004,34084,200434084,0,1,0,3,1
2004,34087,200434087,0,1,0,3,1
2004,36073,200436073,0,1,1,2,1
2004,36073,200436073,0,1,1,2,1
2004,36073,200436073,0,1,1,2,1
2004,36073,200436073,0,1,1,2,1
2004,36125,200436125,0,1,1,3,1
2004,36125,200436125,0,1,1,3,1
2004,36125,200436125,0,1,1,3,1
2004,36125,200436125,0,1,1,3,1
2004,36125,200436125,0,1,1,3,1
2004,36125,200436125,0,1,1,3,1
2004,36201,200436201,0,1,1,3,1
2004,36201,200436201,0,1,1,3,1
2004,36201,200436201,0,1,1,3,1
2004,36201,200436201,0,1,1,3,1
2004,36201,200436201,0,1,1,3,1
2004,36201,200436201,0,1,1,3,1
2004,36201,200436201,0,1,1,3,1
2004,36201,200436201,0,1,1,3,1
2004,36201,200436201,0,1,1,3,1
2004,36201,200436201,0,1,1,3,1
2004,36201,200436201,0,1,1,3,1
2004,36201,200436201,0,1,1,3,1
2004,36201,200436201,0,1,1,3,1
2004,47026,200447026,0,1,1,3,3
2004,47030,200447030,0,1,1,3,3
2004,47030,200447030,0,1,1,3,3
2004,47030,200447030,0,1,1,3,3
2004,47030,200447030,0,1,1,3,3
2004,48003,200448003,0,1,1,3,3
2004,48003,200448003,0,1,1,3,3
2004,48003,200448003,0,1,1,3,3
2004,48003,200448003,0,1,1,3,3
2004,48136,200448136,0,1,1,3,3
2004,48136,200448136,0,1,1,3,3
2004,48136,200448136,0,1,1,3,3
2004,48136,200448136,0,1,1,3,3
2004,48136,200448136,0,1,1,3,3
2004,48136,200448136,0,1,1,3,3
2004,48143,200448143,3,1,0,3,3
2004,48143,200448143,3,1,0,3,3
2004,48143,200448143,3,1,0,3,3
2004,48143,200448143,3,1,0,3,3
2004,48143,200448143,3,1,0,3,3
2004,48143,200448143,3,1,0,3,3
2004,48143,200448143,3,1,0,3,3
2004,48143,200448143,3,1,0,3,3
2004,48143,200448143,3,1,0,3,3
2004,48143,200448143,3,1,0,3,3
2004,48147,200448147,0,1,1,3,3
2004,48147,200448147,0,1,1,3,3
2004,48212,200448212,0,1,1,1,3
2004,48366,200448366,3,1,0,1,3
2005,13018,200513018,2,1,0,3,3
2005,13181,200513181,0,1,1,2,3
2005,21007,200521007,2,1,0,3,3
2005,21007,200521007,2,1,0,3,3
2005,29072,200529072,0,1,1,3,2
2005,29096,200529096,0,1,1,1,2
2005,34087,200534087,0,1,0,3,1
2005,36055,200536055,0,1,1,3,1
2005,36055,200536055,0,1,1,3,1
2005,36055,200536055,0,1,1,3,1
2005,36137,200536137,0,1,1,3,1
2005,36137,200536137,0,1,1,3,1
2005,36137,200536137,0,1,1,3,1
2005,36317,200536317,0,1,1,3,1
2005,37016,200537016,0,1,1,3,3
2005,37022,200537022,0,1,1,3,3
2005,37022,200537022,0,1,1,3,3
2005,37022,200537022,0,1,1,3,3
2005,37022,200537022,0,1,1,3,3
2005,37022,200537022,0,1,1,3,3
2005,37022,200537022,0,1,1,3,3
2005,37022,200537022,0,1,1,3,3
2005,37022,200537022,0,1,1,3,3
2005,37022,200537022,0,1,1,3,3
2005,41064,200541064,2,1,0,3,4
2005,41064,200541064,2,1,0,3,4
2005,47033,200547033,0,1,1,2,3
2005,47134,200547134,0,1,1,3,3
2005,47134,200547134,0,1,1,3,3
2005,47134,200547134,0,1,1,3,3
2005,47134,200547134,0,1,1,3,3
2005,47134,200547134,0,1,1,3,3
2005,47134,200547134,0,1,1,3,3
2005,47134,200547134,0,1,1,3,3
2005,47134,200547134,0,1,1,3,3
2005,47134,200547134,0,1,1,3,3
2005,47134,200547134,0,1,1,3,3
2005,47134,200547134,0,1,1,3,3
2005,47134,200547134,0,1,1,3,3
2005,47134,200547134,0,1,1,3,3
2005,47134,200547134,0,1,1,3,3
2005,47134,200547134,0,1,1,3,3
2005,47134,200547134,0,1,1,3,3
2005,47134,200547134,0,1,1,3,3
2005,48055,200548055,0,1,1,3,3
2005,48055,200548055,0,1,1,3,3
2005,48055,200548055,0,1,1,3,3
2006,13011,200613011,0,1,1,2,3
2006,13072,200613072,0,1,1,3,3
2006,13072,200613072,0,1,1,3,3
2006,13072,200613072,0,1,1,3,3
2006,13072,200613072,0,1,1,3,3
2006,13096,200613096,0,1,1,3,3
2006,20068,200620068,0,1,1,2,2
2006,21060,200621060,0,1,1,2,3
2006,21062,200621062,0,1,1,3,3
2006,29072,200629072,0,1,1,3,2
2006,29072,200629072,0,1,1,3,2
2006,29072,200629072,0,1,1,3,2
2006,29072,200629072,0,1,1,3,2
2006,29072,200629072,0,1,1,3,2
2006,29078,200629078,4,0,1,3,2
2006,29079,200629079,0,1,1,2,2
2006,29165,200629165,0,1,0,3,2
2006,33028,200633028,0,0,1,3,1
2006,33028,200633028,0,0,1,3,1
2006,33028,200633028,0,0,1,3,1
2006,33028,200633028,0,0,1,3,1
2006,34084,200634084,0,1,0,3,1
2006,34099,200634099,0,1,1,2,1
2006,34099,200634099,0,1,1,2,1
2006,34099,200634099,0,1,1,2,1
2006,34099,200634099,0,1,1,2,1
2006,34099,200634099,0,1,1,2,1
2006,34099,200634099,0,1,1,2,1
2006,34099,200634099,0,1,1,2,1
2006,34099,200634099,0,1,1,2,1
2006,34099,200634099,0,1,1,2,1
2006,34099,200634099,0,1,1,2,1
2006,34099,200634099,0,1,1,2,1
2006,34099,200634099,0,1,1,2,1
2006,34099,200634099,0,1,1,2,1
2006,34099,200634099,0,1,1,2,1
2006,34099,200634099,0,1,1,2,1
2006,34099,200634099,0,1,1,2,1
2006,34099,200634099,0,1,1,2,1
2006,34099,200634099,0,1,1,2,1
2006,34099,200634099,0,1,1,2,1
2006,34099,200634099,0,1,1,2,1
2006,34099,200634099,0,1,1,2,1
2006,34123,200634123,0,1,1,1,1
2006,34123,200634123,0,1,1,1,1
2006,36133,200636133,0,1,0,3,1
2006,36201,200636201,0,1,1,3,1
2006,36201,200636201,0,1,1,3,1
2006,36201,200636201,0,1,1,3,1
2006,36201,200636201,0,1,1,3,1
2006,36201,200636201,0,1,1,3,1
2006,36201,200636201,0,1,1,3,1
2006,36201,200636201,0,1,1,3,1
2006,36201,200636201,0,1,1,3,1
2006,36201,200636201,0,1,1,3,1
2006,36201,200636201,0,1,1,3,1
2006,36201,200636201,0,1,1,3,1
2006,36201,200636201,0,1,1,3,1
2006,36201,200636201,0,1,1,3,1
2006,36201,200636201,0,1,1,3,1
2006,36341,200636341,0,1,1,3,1
2006,36341,200636341,0,1,1,3,1
2006,36341,200636341,0,1,1,3,1
2006,37088,200637088,0,1,1,3,3
2006,37088,200637088,0,1,1,3,3
2006,37088,200637088,0,1,1,3,3
2006,37088,200637088,0,1,1,3,3
2006,37088,200637088,0,1,1,3,3
2006,37088,200637088,0,1,1,3,3
2006,37088,200637088,0,1,1,3,3
2006,37088,200637088,0,1,1,3,3
2006,37088,200637088,0,1,1,3,3
2006,37088,200637088,0,1,1,3,3
2006,37088,200637088,0,1,1,3,3
2006,37088,200637088,0,1,1,3,3
2006,37088,200637088,0,1,1,3,3
2006,41051,200641051,0,1,1,3,4
2006,41051,200641051,0,1,1,3,4
2006,47033,200647033,0,1,1,2,3
2006,47033,200647033,0,1,1,2,3
2006,47033,200647033,0,1,1,2,3
2006,47033,200647033,0,1,1,2,3
2006,47033,200647033,0,1,1,2,3
2006,47125,200647125,2,1,0,3,3
2006,47134,200647134,0,1,1,3,3
2006,47134,200647134,0,1,1,3,3
2006,47134,200647134,0,1,1,3,3
2006,47134,200647134,0,1,1,3,3
2006,47134,200647134,0,1,1,3,3
2006,47134,200647134,0,1,1,3,3
2006,47134,200647134,0,1,1,3,3
2006,47134,200647134,0,1,1,3,3
2006,47134,200647134,0,1,1,3,3
2006,47134,200647134,0,1,1,3,3
2006,47134,200647134,0,1,1,3,3
2006,47134,200647134,0,1,1,3,3
2006,47134,200647134,0,1,1,3,3
2006,47134,200647134,0,1,1,3,3
2006,47134,200647134,0,1,1,3,3
2006,48003,200648003,0,1,1,3,3
2006,48003,200648003,0,1,1,3,3
2006,48003,200648003,0,1,1,3,3
2006,48143,200648143,3,1,0,3,3
2006,48143,200648143,3,1,0,3,3
2006,48143,200648143,3,1,0,3,3
2006,48143,200648143,3,1,0,3,3
2006,48143,200648143,3,1,0,3,3
2006,48143,200648143,3,1,0,3,3
2006,48143,200648143,3,1,0,3,3
2006,48143,200648143,3,1,0,3,3
2006,48143,200648143,3,1,0,3,3
2006,48143,200648143,3,1,0,3,3
2006,48143,200648143,3,1,0,3,3
2006,48143,200648143,3,1,0,3,3
2006,48143,200648143,3,1,0,3,3
2006,48143,200648143,3,1,0,3,3
2006,48227,200648227,0,1,1,3,3
2007,12007,200712007,0,1,1,3,3
2007,12007,200712007,0,1,1,3,3
2007,12007,200712007,0,1,1,3,3
2007,12007,200712007,0,1,1,3,3
2007,12007,200712007,0,1,1,3,3
2007,12007,200712007,0,1,1,3,3
2007,12007,200712007,0,1,1,3,3
2007,12007,200712007,0,1,1,3,3
2007,12007,200712007,0,1,1,3,3
2007,12155,200712155,0,1,1,1,3
2007,12155,200712155,0,1,1,1,3
2007,12337,200712337,1,1,0,3,3
2007,24042,200724042,0,1,1,1,3
2007,24068,200724068,0,1,1,2,3
2007,25051,200725051,0,1,1,3,1
2007,25069,200725069,0,1,1,3,1
2007,25069,200725069,0,1,1,3,1
2007,25069,200725069,0,1,1,3,1
2007,25069,200725069,0,1,1,3,1
2007,25069,200725069,0,1,1,3,1
2007,25069,200725069,0,1,1,3,1
2007,25069,200725069,0,1,1,3,1
2007,25069,200725069,0,1,1,3,1
2007,25069,200725069,0,1,1,3,1
2007,25069,200725069,0,1,1,3,1
2007,25069,200725069,0,1,1,3,1
2007,25069,200725069,0,1,1,3,1
2007,25069,200725069,0,1,1,3,1
2007,25069,200725069,0,1,1,3,1
2007,25069,200725069,0,1,1,3,1
2007,25069,200725069,0,1,1,3,1
2007,26047,200726047,4,0,0,3,2
2007,26149,200726149,0,1,1,3,2
2007,26149,200726149,0,1,1,3,2
2007,26149,200726149,0,1,1,3,2
2007,26149,200726149,0,1,1,3,2
2007,26149,200726149,0,1,1,3,2
2007,26149,200726149,0,1,1,3,2
2007,26149,200726149,0,1,1,3,2
2007,26149,200726149,0,1,1,3,2
2007,26149,200726149,0,1,1,3,2
2007,26149,200726149,0,1,1,3,2
2007,26149,200726149,0,1,1,3,2
2007,26149,200726149,0,1,1,3,2
2007,26149,200726149,0,1,1,3,2
2007,26149,200726149,0,1,1,3,2
2007,26149,200726149,0,1,1,3,2
2007,27112,200727112,0,1,1,2,2
2007,34035,200734035,0,1,1,3,1
2007,34099,200734099,0,1,1,2,1
2007,34099,200734099,0,1,1,2,1
2007,34099,200734099,0,1,1,2,1
2007,34099,200734099,0,1,1,2,1
2007,34099,200734099,0,1,1,2,1
2007,34099,200734099,0,1,1,2,1
2007,34099,200734099,0,1,1,2,1
2007,34099,200734099,0,1,1,2,1
2007,34099,200734099,0,1,1,2,1
2007,34099,200734099,0,1,1,2,1
2007,34099,200734099,0,1,1,2,1
2007,34099,200734099,0,1,1,2,1
2007,34099,200734099,0,1,1,2,1
2007,34099,200734099,0,1,1,2,1
2007,34099,200734099,0,1,1,2,1
2007,34099,200734099,0,1,1,2,1
2007,34099,200734099,0,1,1,2,1
2007,34099,200734099,0,1,1,2,1
2007,34099,200734099,0,1,1,2,1
2007,34099,200734099,0,1,1,2,1
2007,34099,200734099,0,1,1,2,1
2007,34099,200734099,0,1,1,2,1
2007,34099,200734099,0,1,1,2,1
2007,34099,200734099,0,1,1,2,1
2007,34099,200734099,0,1,1,2,1
2007,34099,200734099,0,1,1,2,1
2007,34099,200734099,0,1,1,2,1
2007,34099,200734099,0,1,1,2,1
2007,34099,200734099,0,1,1,2,1
2007,34099,200734099,0,1,1,2,1
2007,34099,200734099,0,1,1,2,1
2007,34099,200734099,0,1,1,2,1
2007,34099,200734099,0,1,1,2,1
2007,36055,200736055,0,1,1,3,1
2007,36064,200736064,0,1,1,3,1
2007,36152,200736152,0,1,1,2,1
2007,36186,200736186,0,1,1,2,1
2007,36233,200736233,0,1,1,3,1
2007,37022,200737022,0,1,1,3,3
2007,37022,200737022,0,1,1,3,3
2007,37022,200737022,0,1,1,3,3
2007,37022,200737022,0,1,1,3,3
2007,37022,200737022,0,1,1,3,3
2007,37022,200737022,0,1,1,3,3
2007,37022,200737022,0,1,1,3,3
2007,37059,200737059,1,1,0,3,3
2007,45025,200745025,0,1,1,2,3
2007,48003,200748003,0,1,1,3,3
2007,48003,200748003,0,1,1,3,3
2007,48003,200748003,0,1,1,3,3
2007,48003,200748003,0,1,1,3,3
2007,48003,200748003,0,1,1,3,3
2008,12007,200812007,0,1,1,3,3
2008,12007,200812007,0,1,1,3,3
2008,12007,200812007,0,1,1,3,3
2008,12007,200812007,0,1,1,3,3
2008,12320,200812320,0,1,1,3,3
2008,13011,200813011,0,1,1,3,3
2008,13021,200813021,0,1,1,3,3
2008,21062,200821062,0,1,1,3,3
2008,21062,200821062,0,1,1,3,3
2008,21062,200821062,0,1,1,3,3
2008,22088,200822088,0,1,1,2,3
2008,22088,200822088,0,1,1,2,3
2008,22088,200822088,0,1,1,2,3
2008,25051,200825051,0,1,1,3,1
2008,25101,200825101,0,1,1,3,1
2008,25101,200825101,0,1,1,3,1
2008,25101,200825101,0,1,1,3,1
2008,25101,200825101,0,1,1,3,1
2008,25101,200825101,0,1,1,3,1
2008,25101,200825101,0,1,1,3,1
2008,26006,200826006,0,1,1,3,2
2008,26006,200826006,0,1,1,3,2
2008,26155,200826155,0,1,1,3,2
2008,26155,200826155,0,1,1,3,2
2008,27108,200827108,0,1,1,3,2
2008,27108,200827108,0,1,1,3,2
2008,27108,200827108,0,1,1,3,2
2008,27108,200827108,0,1,1,3,2
2008,27108,200827108,0,1,1,3,2
2008,27108,200827108,0,1,1,3,2
2008,27108,200827108,0,1,1,3,2
2008,27108,200827108,0,1,1,3,2
2008,27108,200827108,0,1,1,3,2
2008,27108,200827108,0,1,1,3,2
2008,27108,200827108,0,1,1,3,2
2008,27108,200827108,0,1,1,3,2
2008,27108,200827108,0,1,1,3,2
2008,27108,200827108,0,1,1,3,2
2008,27108,200827108,0,1,1,3,2
2008,27108,200827108,0,1,1,3,2
2008,27108,200827108,0,1,1,3,2
2008,27108,200827108,0,1,1,3,2
2008,27108,200827108,0,1,1,3,2
2008,27108,200827108,0,1,1,3,2
2008,27108,200827108,0,1,1,3,2
2008,27108,200827108,0,1,1,3,2
2008,27108,200827108,0,1,1,3,2
2008,27108,200827108,0,1,1,3,2
2008,27108,200827108,0,1,1,3,2
2008,27108,200827108,0,1,1,3,2
2008,27108,200827108,0,1,1,3,2
2008,27108,200827108,0,1,1,3,2
2008,27108,200827108,0,1,1,3,2
2008,27108,200827108,0,1,1,3,2
2008,27108,200827108,0,1,1,3,2
2008,27108,200827108,0,1,1,3,2
2008,27108,200827108,0,1,1,3,2
2008,27108,200827108,0,1,1,3,2
2008,27108,200827108,0,1,1,3,2
2008,27108,200827108,0,1,1,3,2
2008,27108,200827108,0,1,1,3,2
2008,27108,200827108,0,1,1,3,2
2008,29072,200829072,0,1,1,3,2
2008,29072,200829072,0,1,1,3,2
2008,29072,200829072,0,1,1,3,2
2008,29072,200829072,0,1,1,3,2
2008,29072,200829072,0,1,1,3,2
2008,29072,200829072,0,1,1,3,2
2008,29193,200829193,0,1,0,3,2
2008,36125,200836125,0,1,1,3,1
2008,36125,200836125,0,1,1,3,1
2008,36125,200836125,0,1,1,3,1
2008,36125,200836125,0,1,1,3,1
2008,36125,200836125,0,1,1,3,1
2008,36125,200836125,0,1,1,3,1
2008,36125,200836125,0,1,1,3,1
2008,36125,200836125,0,1,1,3,1
2008,36125,200836125,0,1,1,3,1
2008,36125,200836125,0,1,1,3,1
2008,36125,200836125,0,1,1,3,1
2008,36125,200836125,0,1,1,3,1
2008,36125,200836125,0,1,1,3,1
2008,36125,200836125,0,1,1,3,1
2008,36125,200836125,0,1,1,3,1
2008,36125,200836125,0,1,1,3,1
2008,36125,200836125,0,1,1,3,1
2008,36125,200836125,0,1,1,3,1
2008,36125,200836125,0,1,1,3,1
2008,36125,200836125,0,1,1,3,1
2008,36125,200836125,0,1,1,3,1
2008,36155,200836155,0,1,1,3,1
2008,36341,200836341,0,1,1,3,1
2008,36341,200836341,0,1,1,3,1
2008,37022,200837022,0,1,1,3,3
2008,37022,200837022,0,1,1,3,3
2008,37022,200837022,0,1,1,3,3
2008,37022,200837022,0,1,1,3,3
2008,37022,200837022,0,1,1,3,3
2008,37022,200837022,0,1,1,3,3
2008,37022,200837022,0,1,1,3,3
2008,37022,200837022,0,1,1,3,3
2008,37022,200837022,0,1,1,3,3
2008,37022,200837022,0,1,1,3,3
2008,37022,200837022,0,1,1,3,3
2008,37022,200837022,0,1,1,3,3
2008,37121,200837121,2,0,0,3,3
2008,41005,200841005,0,1,1,2,4
2008,41051,200841051,0,1,1,3,4
2008,41051,200841051,0,1,1,3,4
2008,41051,200841051,0,1,1,3,4
2008,42022,200842022,0,1,1,3,1
2008,42022,200842022,0,1,1,3,1
2008,42022,200842022,0,1,1,3,1
2008,42022,200842022,0,1,1,3,1
2008,42219,200842219,0,1,1,3,1
2008,42266,200842266,0,1,0,3,1
2008,42285,200842285,0,1,1,3,1
2008,42285,200842285,0,1,1,3,1
2008,42323,200842323,0,1,1,3,1
2008,42323,200842323,0,1,1,3,1
2008,42323,200842323,0,1,1,3,1
2008,42323,200842323,0,1,1,3,1
2008,42323,200842323,0,1,1,3,1
2008,42323,200842323,0,1,1,3,1
2008,42323,200842323,0,1,1,3,1
2008,42323,200842323,0,1,1,3,1
2008,42323,200842323,0,1,1,3,1
2008,42323,200842323,0,1,1,3,1
2008,42323,200842323,0,1,1,3,1
2008,42323,200842323,0,1,1,3,1
2008,42323,200842323,0,1,1,3,1
2008,42323,200842323,0,1,1,3,1
2008,42323,200842323,0,1,1,3,1
2008,42323,200842323,0,1,1,3,1
2008,42323,200842323,0,1,1,3,1
2008,42323,200842323,0,1,1,3,1
2008,42323,200842323,0,1,1,3,1
2008,42323,200842323,0,1,1,3,1
2008,42323,200842323,0,1,1,3,1
2008,42323,200842323,0,1,1,3,1
2008,48029,200848029,0,1,1,2,3
2008,48171,200848171,0,1,1,3,3
2008,53080,200853080,0,1,1,3,4
2008,53080,200853080,0,1,1,3,4
2009,12017,200912017,0,1,1,2,3
2009,13011,200913011,0,1,1,3,3
2009,13096,200913096,-9,-9,-9,-9,3
2009,13100,200913100,0,1,1,3,3
2009,17123,200917123,0,1,1,3,2
2009,17123,200917123,0,1,1,3,2
2009,17123,200917123,0,1,1,3,2
2009,17123,200917123,0,1,1,3,2
2009,17123,200917123,0,1,1,3,2
2009,17123,200917123,0,1,1,3,2
2009,17123,200917123,0,1,1,3,2
2009,17123,200917123,0,1,1,3,2
2009,17123,200917123,0,1,1,3,2
2009,17123,200917123,0,1,1,3,2
2009,17123,200917123,0,1,1,3,2
2009,17123,200917123,0,1,1,3,2
2009,17123,200917123,0,1,1,3,2
2009,17123,200917123,0,1,1,3,2
2009,17123,200917123,0,1,1,3,2
2009,17123,200917123,0,1,1,3,2
2009,17123,200917123,0,1,1,3,2
2009,17123,200917123,0,1,1,3,2
2009,17123,200917123,0,1,1,3,2
2009,17123,200917123,0,1,1,3,2
2009,17123,200917123,0,1,1,3,2
2009,17123,200917123,0,1,1,3,2
2009,17123,200917123,0,1,1,3,2
2009,17123,200917123,0,1,1,3,2
2009,17123,200917123,0,1,1,3,2
2009,17123,200917123,0,1,1,3,2
2009,17123,200917123,0,1,1,3,2
2009,17123,200917123,0,1,1,3,2
2009,17123,200917123,0,1,1,3,2
2009,17123,200917123,0,1,1,3,2
2009,17123,200917123,0,1,1,3,2
2009,17123,200917123,0,1,1,3,2
2009,17123,200917123,0,1,1,3,2
2009,17223,200917223,0,1,1,3,2
2009,17223,200917223,0,1,1,3,2
2009,17223,200917223,0,1,1,3,2
2009,17223,200917223,0,1,1,3,2
2009,17223,200917223,0,1,1,3,2
2009,17223,200917223,0,1,1,3,2
2009,17223,200917223,0,1,1,3,2
2009,17223,200917223,0,1,1,3,2
2009,17223,200917223,0,1,1,3,2
2009,17223,200917223,0,1,1,3,2
2009,17223,200917223,0,1,1,3,2
2009,17223,200917223,0,1,1,3,2
2009,17223,200917223,0,1,1,3,2
2009,17223,200917223,0,1,1,3,2
2009,17223,200917223,0,1,1,3,2
2009,17223,200917223,0,1,1,3,2
2009,17223,200917223,0,1,1,3,2
2009,17223,200917223,0,1,1,3,2
2009,17223,200917223,0,1,1,3,2
2009,17223,200917223,0,1,1,3,2
2009,17223,200917223,0,1,1,3,2
2009,17223,200917223,0,1,1,3,2
2009,17223,200917223,0,1,1,3,2
2009,17223,200917223,0,1,1,3,2
2009,17223,200917223,0,1,1,3,2
2009,17223,200917223,0,1,1,3,2
2009,17223,200917223,0,1,1,3,2
2009,17223,200917223,0,1,1,3,2
2009,17223,200917223,0,1,1,3,2
2009,17223,200917223,0,1,1,3,2
2009,17223,200917223,0,1,1,3,2
2009,17240,200917240,0,1,0,2,2
2009,17240,200917240,0,1,0,2,2
2009,21022,200921022,0,1,1,3,3
2009,22088,200922088,0,1,1,2,3
2009,22088,200922088,0,1,1,2,3
2009,22088,200922088,0,1,1,2,3
2009,22088,200922088,0,1,1,2,3
2009,27015,200927015,0,1,1,3,2
2009,33028,200933028,0,0,1,3,1
2009,34035,200934035,0,1,1,3,1
2009,34035,200934035,0,1,1,3,1
2009,34035,200934035,0,1,1,3,1
2009,34035,200934035,0,1,1,3,1
2009,34046,200934046,0,1,0,3,1
2009,36064,200936064,0,1,1,3,1
2009,36186,200936186,0,1,1,2,1
2009,36205,200936205,0,1,1,3,1
2009,36205,200936205,0,1,1,3,1
2009,36205,200936205,0,1,1,3,1
2009,36205,200936205,0,1,1,3,1
2009,36205,200936205,0,1,1,3,1
2009,36205,200936205,0,1,1,3,1
2009,36205,200936205,0,1,1,3,1
2009,36205,200936205,0,1,1,3,1
2009,36205,200936205,0,1,1,3,1
2009,36205,200936205,0,1,1,3,1
2009,36205,200936205,0,1,1,3,1
2009,36205,200936205,0,1,1,3,1
2009,36205,200936205,0,1,1,3,1
2009,36205,200936205,0,1,1,3,1
2009,36205,200936205,0,1,1,3,1
2009,36205,200936205,0,1,1,3,1
2009,36205,200936205,0,1,1,3,1
2009,36205,200936205,0,1,1,3,1
2009,36205,200936205,0,1,1,3,1
2009,36205,200936205,0,1,1,3,1
2009,36205,200936205,0,1,1,3,1
2009,36205,200936205,0,1,1,3,1
2009,36205,200936205,0,1,1,3,1
2009,36205,200936205,0,1,1,3,1
2009,36205,200936205,0,1,1,3,1
2009,36205,200936205,0,1,1,3,1
2009,36205,200936205,0,1,1,3,1
2009,36205,200936205,0,1,1,3,1
2009,41051,200941051,0,1,1,3,4
2009,41051,200941051,0,1,1,3,4
2009,41051,200941051,0,1,1,3,4
2009,41051,200941051,0,1,1,3,4
2009,41051,200941051,0,1,1,3,4
2009,41051,200941051,0,1,1,3,4
2009,41051,200941051,0,1,1,3,4
2009,41051,200941051,0,1,1,3,4
2009,41051,200941051,0,1,1,3,4
2009,41051,200941051,0,1,1,3,4
2009,42080,200942080,0,1,1,3,1
2009,42080,200942080,0,1,1,3,1
2009,42080,200942080,0,1,1,3,1
2009,42080,200942080,0,1,1,3,1
2009,42080,200942080,0,1,1,3,1
2009,42080,200942080,0,1,1,3,1
2009,42080,200942080,0,1,1,3,1
2009,42164,200942164,0,1,1,3,1
2009,42164,200942164,0,1,1,3,1
2009,42164,200942164,0,1,1,3,1
2009,42164,200942164,0,1,1,3,1
2009,42164,200942164,0,1,1,3,1
2009,42164,200942164,0,1,1,3,1
2009,42164,200942164,0,1,1,3,1
2009,42164,200942164,0,1,1,3,1
2009,42164,200942164,0,1,1,3,1
2009,42164,200942164,0,1,1,3,1
2009,42164,200942164,0,1,1,3,1
2009,42164,200942164,0,1,1,3,1
2009,42164,200942164,0,1,1,3,1
2009,42164,200942164,0,1,1,3,1
2009,42164,200942164,0,1,1,3,1
2009,42164,200942164,0,1,1,3,1
2009,42164,200942164,0,1,1,3,1
2009,42164,200942164,0,1,1,3,1
2009,42164,200942164,0,1,1,3,1
2009,42164,200942164,0,1,1,3,1
2009,42164,200942164,0,1,1,3,1
2009,42164,200942164,0,1,1,3,1
2009,42164,200942164,0,1,1,3,1
2009,42164,200942164,0,1,1,3,1
2009,42164,200942164,0,1,1,3,1
2009,42188,200942188,0,1,1,3,1
2009,42188,200942188,0,1,1,3,1
2009,42188,200942188,0,1,1,3,1
2009,42188,200942188,0,1,1,3,1
2009,42188,200942188,0,1,1,3,1
2009,42188,200942188,0,1,1,3,1
2009,42188,200942188,0,1,1,3,1
2009,42188,200942188,0,1,1,3,1
2009,42188,200942188,0,1,1,3,1
2009,42188,200942188,0,1,1,3,1
2009,42188,200942188,0,1,1,3,1
2009,42188,200942188,0,1,1,3,1
2009,42188,200942188,0,1,1,3,1
2009,45026,200945026,3,0,0,3,3
2009,48070,200948070,0,1,1,3,3
2009,48070,200948070,0,1,1,3,3
2009,48070,200948070,0,1,1,3,3
2009,48070,200948070,0,1,1,3,3
2009,48070,200948070,0,1,1,3,3
2009,53061,200953061,2,1,0,3,4
2009,53062,200953062,0,1,1,2,4
2009,53080,200953080,0,1,1,3,4
2009,53080,200953080,0,1,1,3,4
2009,53080,200953080,0,1,1,3,4
2010,12007,201012007,1,1,1,3,3
2010,12007,201012007,1,1,1,3,3
2010,12007,201012007,1,1,1,3,3
2010,12007,201012007,1,1,1,3,3
2010,12007,201012007,1,1,1,3,3
2010,12007,201012007,1,1,1,3,3
2010,12007,201012007,1,1,1,3,3
2010,12007,201012007,1,1,1,3,3
2010,12007,201012007,1,1,1,3,3
2010,12007,201012007,1,1,1,3,3
2010,12007,201012007,1,1,1,3,3
2010,12007,201012007,1,1,1,3,3
2010,12127,201012127,3,1,0,3,3
2010,12203,201012203,2,1,1,3,3
2010,12203,201012203,2,1,1,3,3
2010,12203,201012203,2,1,1,3,3
2010,12203,201012203,2,1,1,3,3
2010,12203,201012203,2,1,1,3,3
2010,12203,201012203,2,1,1,3,3
2010,12203,201012203,2,1,1,3,3
2010,12203,201012203,2,1,1,3,3
2010,12203,201012203,2,1,1,3,3
2010,12203,201012203,2,1,1,3,3
2010,12203,201012203,2,1,1,3,3
2010,12203,201012203,2,1,1,3,3
2010,12203,201012203,2,1,1,3,3
2010,12266,201012266,2,1,1,3,3
2010,12266,201012266,2,1,1,3,3
2010,12266,201012266,2,1,1,3,3
2010,12266,201012266,2,1,1,3,3
2010,12266,201012266,2,1,1,3,3
2010,12266,201012266,2,1,1,3,3
2010,12266,201012266,2,1,1,3,3
2010,12266,201012266,2,1,1,3,3
2010,12266,201012266,2,1,1,3,3
2010,12266,201012266,2,1,1,3,3
2010,12266,201012266,2,1,1,3,3
2010,12266,201012266,2,1,1,3,3
2010,12266,201012266,2,1,1,3,3
2010,12266,201012266,2,1,1,3,3
2010,12266,201012266,2,1,1,3,3
2010,12266,201012266,2,1,1,3,3
2010,12266,201012266,2,1,1,3,3
2010,12266,201012266,2,1,1,3,3
2010,12266,201012266,2,1,1,3,3
2010,12266,201012266,2,1,1,3,3
2010,12266,201012266,2,1,1,3,3
2010,12266,201012266,2,1,1,3,3
2010,12266,201012266,2,1,1,3,3
2010,12266,201012266,2,1,1,3,3
2010,12266,201012266,2,1,1,3,3
2010,12266,201012266,2,1,1,3,3
2010,12266,201012266,2,1,1,3,3
2010,12266,201012266,2,1,1,3,3
2010,12266,201012266,2,1,1,3,3
2010,12266,201012266,2,1,1,3,3
2010,12266,201012266,2,1,1,3,3
2010,12266,201012266,2,1,1,3,3
2010,12266,201012266,2,1,1,3,3
2010,12266,201012266,2,1,1,3,3
2010,17123,201017123,2,1,1,3,2
2010,17123,201017123,2,1,1,3,2
2010,17123,201017123,2,1,1,3,2
2010,17123,201017123,2,1,1,3,2
2010,17123,201017123,2,1,1,3,2
2010,17123,201017123,2,1,1,3,2
2010,17123,201017123,2,1,1,3,2
2010,17123,201017123,2,1,1,3,2
2010,17123,201017123,2,1,1,3,2
2010,17123,201017123,2,1,1,3,2
2010,17123,201017123,2,1,1,3,2
2010,17123,201017123,2,1,1,3,2
2010,17123,201017123,2,1,1,3,2
2010,17123,201017123,2,1,1,3,2
2010,17123,201017123,2,1,1,3,2
2010,17123,201017123,2,1,1,3,2
2010,17123,201017123,2,1,1,3,2
2010,17123,201017123,2,1,1,3,2
2010,17123,201017123,2,1,1,3,2
2010,17123,201017123,2,1,1,3,2
2010,17123,201017123,2,1,1,3,2
2010,17123,201017123,2,1,1,3,2
2010,17123,201017123,2,1,1,3,2
2010,17123,201017123,2,1,1,3,2
2010,17123,201017123,2,1,1,3,2
2010,17123,201017123,2,1,1,3,2
2010,17123,201017123,2,1,1,3,2
2010,17123,201017123,2,1,1,3,2
2010,17123,201017123,2,1,1,3,2
2010,17123,201017123,2,1,1,3,2
2010,17123,201017123,2,1,1,3,2
2010,17123,201017123,2,1,1,3,2
2010,17123,201017123,2,1,1,3,2
2010,17123,201017123,2,1,1,3,2
2010,17123,201017123,2,1,1,3,2
2010,17123,201017123,2,1,1,3,2
2010,17123,201017123,2,1,1,3,2
2010,17123,201017123,2,1,1,3,2
2010,17123,201017123,2,1,1,3,2
2010,17123,201017123,2,1,1,3,2
2010,17123,201017123,2,1,1,3,2
2010,17123,201017123,2,1,1,3,2
2010,17123,201017123,2,1,1,3,2
2010,17123,201017123,2,1,1,3,2
2010,17123,201017123,2,1,1,3,2
2010,17123,201017123,2,1,1,3,2
2010,17123,201017123,2,1,1,3,2
2010,17123,201017123,2,1,1,3,2
2010,17123,201017123,2,1,1,3,2
2010,17123,201017123,2,1,1,3,2
2010,17123,201017123,2,1,1,3,2
2010,17123,201017123,2,1,1,3,2
2010,17123,201017123,2,1,1,3,2
2010,17123,201017123,2,1,1,3,2
2010,17123,201017123,2,1,1,3,2
2010,17123,201017123,2,1,1,3,2
2010,18007,201018007,2,1,1,3,2
2010,18007,201018007,2,1,1,3,2
2010,18007,201018007,2,1,1,3,2
2010,26149,201026149,2,1,1,3,2
2010,26149,201026149,2,1,1,3,2
2010,26149,201026149,2,1,1,3,2
2010,26149,201026149,2,1,1,3,2
2010,26149,201026149,2,1,1,3,2
2010,26149,201026149,2,1,1,3,2
2010,26149,201026149,2,1,1,3,2
2010,26149,201026149,2,1,1,3,2
2010,26149,201026149,2,1,1,3,2
2010,26149,201026149,2,1,1,3,2
2010,26149,201026149,2,1,1,3,2
2010,26149,201026149,2,1,1,3,2
2010,26149,201026149,2,1,1,3,2
2010,26149,201026149,2,1,1,3,2
2010,26149,201026149,2,1,1,3,2
2010,26149,201026149,2,1,1,3,2
2010,26149,201026149,2,1,1,3,2
2010,26149,201026149,2,1,1,3,2
2010,26149,201026149,2,1,1,3,2
2010,26149,201026149,2,1,1,3,2
2010,26149,201026149,2,1,1,3,2
2010,26149,201026149,2,1,1,3,2
2010,26149,201026149,2,1,1,3,2
2010,26149,201026149,2,1,1,3,2
2010,26149,201026149,2,1,1,3,2
2010,27015,201027015,2,1,1,3,2
2010,27015,201027015,2,1,1,3,2
2010,27015,201027015,2,1,1,3,2
2010,27015,201027015,2,1,1,3,2
2010,27015,201027015,2,1,1,3,2
2010,27015,201027015,2,1,1,3,2
2010,34064,201034064,2,1,0,3,1
2010,36205,201036205,2,1,1,3,1
2010,36205,201036205,2,1,1,3,1
2010,36205,201036205,2,1,1,3,1
2010,36205,201036205,2,1,1,3,1
2010,36205,201036205,2,1,1,3,1
2010,36205,201036205,2,1,1,3,1
2010,36205,201036205,2,1,1,3,1
2010,36205,201036205,2,1,1,3,1
2010,36205,201036205,2,1,1,3,1
2010,36205,201036205,2,1,1,3,1
2010,36205,201036205,2,1,1,3,1
2010,36205,201036205,2,1,1,3,1
2010,36205,201036205,2,1,1,3,1
2010,36205,201036205,2,1,1,3,1
2010,36205,201036205,2,1,1,3,1
2010,36205,201036205,2,1,1,3,1
2010,36205,201036205,2,1,1,3,1
2010,36205,201036205,2,1,1,3,1
2010,36205,201036205,2,1,1,3,1
2010,36205,201036205,2,1,1,3,1
2010,36205,201036205,2,1,1,3,1
2010,36205,201036205,2,1,1,3,1
2010,36205,201036205,2,1,1,3,1
2010,36205,201036205,2,1,1,3,1
2010,36205,201036205,2,1,1,3,1
2010,36205,201036205,2,1,1,3,1
2010,36205,201036205,2,1,1,3,1
2010,36205,201036205,2,1,1,3,1
2010,36205,201036205,2,1,1,3,1
2010,36205,201036205,2,1,1,3,1
2010,36205,201036205,2,1,1,3,1
2010,36205,201036205,2,1,1,3,1
2010,36205,201036205,2,1,1,3,1
2010,36205,201036205,2,1,1,3,1
2010,36205,201036205,2,1,1,3,1
2010,36205,201036205,2,1,1,3,1
2010,36205,201036205,2,1,1,3,1
2010,36205,201036205,2,1,1,3,1
2010,36205,201036205,2,1,1,3,1
2010,36205,201036205,2,1,1,3,1
2010,36205,201036205,2,1,1,3,1
2010,36205,201036205,2,1,1,3,1
2010,36205,201036205,2,1,1,3,1
2010,36205,201036205,2,1,1,3,1
2010,36205,201036205,2,1,1,3,1
2010,36205,201036205,2,1,1,3,1
2010,36300,201036300,2,1,1,3,1
2010,36311,201036311,1,1,1,3,1
2010,37009,201037009,2,1,0,3,3
2010,37062,201037062,2,1,1,3,3
2010,41051,201041051,1,1,1,3,4
2010,41051,201041051,1,1,1,3,4
2010,41051,201041051,1,1,1,3,4
2010,41051,201041051,1,1,1,3,4
2010,41051,201041051,1,1,1,3,4
2010,41051,201041051,1,1,1,3,4
2010,41051,201041051,1,1,1,3,4
2010,41051,201041051,1,1,1,3,4
2010,41051,201041051,1,1,1,3,4
2010,41051,201041051,1,1,1,3,4
2010,41051,201041051,1,1,1,3,4
2010,41051,201041051,1,1,1,3,4
2010,41051,201041051,1,1,1,3,4
2010,41051,201041051,1,1,1,3,4
2010,41051,201041051,1,1,1,3,4
2010,41051,201041051,1,1,1,3,4
2010,41051,201041051,1,1,1,3,4
2010,41051,201041051,1,1,1,3,4
2010,41051,201041051,1,1,1,3,4
2010,41051,201041051,1,1,1,3,4
2010,41051,201041051,1,1,1,3,4
2010,41051,201041051,1,1,1,3,4
2010,41051,201041051,1,1,1,3,4
2010,41051,201041051,1,1,1,3,4
2010,41051,201041051,1,1,1,3,4
2010,41051,201041051,1,1,1,3,4
2010,41051,201041051,1,1,1,3,4
2010,41051,201041051,1,1,1,3,4
2010,41051,201041051,1,1,1,3,4
2010,41051,201041051,1,1,1,3,4
2010,41051,201041051,1,1,1,3,4
2010,41051,201041051,1,1,1,3,4
2010,41051,201041051,1,1,1,3,4
2010,41051,201041051,1,1,1,3,4
2010,41051,201041051,1,1,1,3,4
2010,41051,201041051,1,1,1,3,4
2010,41051,201041051,1,1,1,3,4
2010,41051,201041051,1,1,1,3,4
2010,41051,201041051,1,1,1,3,4
2010,41051,201041051,1,1,1,3,4
2010,41051,201041051,1,1,1,3,4
2010,41051,201041051,1,1,1,3,4
2010,41051,201041051,1,1,1,3,4
2010,41051,201041051,1,1,1,3,4
2010,42116,201042116,2,1,1,3,1
2010,42116,201042116,2,1,1,3,1
2010,42164,201042164,2,1,1,3,1
2010,42164,201042164,2,1,1,3,1
2010,42164,201042164,2,1,1,3,1
2010,42164,201042164,2,1,1,3,1
2010,42164,201042164,2,1,1,3,1
2010,42164,201042164,2,1,1,3,1
2010,42164,201042164,2,1,1,3,1
2010,42164,201042164,2,1,1,3,1
2010,42164,201042164,2,1,1,3,1
2010,42164,201042164,2,1,1,3,1
2010,42164,201042164,2,1,1,3,1
2010,42164,201042164,2,1,1,3,1
2010,42164,201042164,2,1,1,3,1
2010,42164,201042164,2,1,1,3,1
2010,42164,201042164,2,1,1,3,1
2010,42164,201042164,2,1,1,3,1
2010,42164,201042164,2,1,1,3,1
2010,42164,201042164,2,1,1,3,1
2010,42164,201042164,2,1,1,3,1
2010,42201,201042201,2,1,1,3,1
2010,42201,201042201,2,1,1,3,1
2010,42201,201042201,2,1,1,3,1
2010,42201,201042201,2,1,1,3,1
2010,42201,201042201,2,1,1,3,1
2010,42201,201042201,2,1,1,3,1
2010,42201,201042201,2,1,1,3,1
2010,42201,201042201,2,1,1,3,1
2010,42201,201042201,2,1,1,3,1
2010,42201,201042201,2,1,1,3,1
2010,42201,201042201,2,1,1,3,1
2010,42201,201042201,2,1,1,3,1
2010,42201,201042201,2,1,1,3,1
2010,42201,201042201,2,1,1,3,1
2010,42201,201042201,2,1,1,3,1
2010,42201,201042201,2,1,1,3,1
2010,42201,201042201,2,1,1,3,1
2010,42201,201042201,2,1,1,3,1
2010,42201,201042201,2,1,1,3,1
2010,42201,201042201,2,1,1,3,1
2010,42201,201042201,2,1,1,3,1
2010,42201,201042201,2,1,1,3,1
2010,42201,201042201,2,1,1,3,1
2010,45046,201045046,1,1,1,3,3
2010,45046,201045046,1,1,1,3,3
2010,45046,201045046,1,1,1,3,3
2010,45046,201045046,1,1,1,3,3
2010,45046,201045046,1,1,1,3,3
2010,45046,201045046,1,1,1,3,3
2010,45046,201045046,1,1,1,3,3
2010,45046,201045046,1,1,1,3,3
2010,48055,201048055,2,1,1,3,3
2010,48055,201048055,2,1,1,3,3
2010,48055,201048055,2,1,1,3,3
2010,48057,201048057,2,1,1,3,3
2010,48057,201048057,2,1,1,3,3
2010,48057,201048057,2,1,1,3,3
2010,48057,201048057,2,1,1,3,3
2010,48057,201048057,2,1,1,3,3
2010,48057,201048057,2,1,1,3,3
2010,48057,201048057,2,1,1,3,3
2010,48057,201048057,2,1,1,3,3
2010,48057,201048057,2,1,1,3,3
2010,48057,201048057,2,1,1,3,3
2010,48057,201048057,2,1,1,3,3
2010,48057,201048057,2,1,1,3,3
2010,48057,201048057,2,1,1,3,3
2010,48057,201048057,2,1,1,3,3
2010,48057,201048057,2,1,1,3,3
2010,48057,201048057,2,1,1,3,3
2010,48057,201048057,2,1,1,3,3
2010,48057,201048057,2,1,1,3,3
2010,48057,201048057,2,1,1,3,3
2010,48057,201048057,2,1,1,3,3
2010,48057,201048057,2,1,1,3,3
2010,48057,201048057,2,1,1,3,3
2010,48057,201048057,2,1,1,3,3
2010,48057,201048057,2,1,1,3,3
2010,48057,201048057,2,1,1,3,3
2010,48057,201048057,2,1,1,3,3
2010,48057,201048057,2,1,1,3,3
2010,48057,201048057,2,1,1,3,3
2010,48057,201048057,2,1,1,3,3
2010,48057,201048057,2,1,1,3,3
2010,48057,201048057,2,1,1,3,3
2010,48057,201048057,2,1,1,3,3
2010,48057,201048057,2,1,1,3,3
2010,48057,201048057,2,1,1,3,3
2010,48057,201048057,2,1,1,3,3
2010,48057,201048057,2,1,1,3,3
2010,48057,201048057,2,1,1,3,3
2010,48057,201048057,2,1,1,3,3
2010,48057,201048057,2,1,1,3,3
2010,48057,201048057,2,1,1,3,3
2010,48057,201048057,2,1,1,3,3
2010,48057,201048057,2,1,1,3,3
2010,48057,201048057,2,1,1,3,3
2010,48057,201048057,2,1,1,3,3
2010,48057,201048057,2,1,1,3,3
2010,48057,201048057,2,1,1,3,3
2010,48057,201048057,2,1,1,3,3
2010,48057,201048057,2,1,1,3,3
2010,48142,201048142,2,1,1,3,3
2010,48142,201048142,2,1,1,3,3
2010,48142,201048142,2,1,1,3,3
2010,48142,201048142,2,1,1,3,3
2010,48142,201048142,2,1,1,3,3
2010,48142,201048142,2,1,1,3,3
2010,48142,201048142,2,1,1,3,3
2010,48142,201048142,2,1,1,3,3
2010,48500,201048500,1,1,1,3,3
2010,48500,201048500,1,1,1,3,3
2010,48500,201048500,1,1,1,3,3
2010,48500,201048500,1,1,1,3,3
2010,48500,201048500,1,1,1,3,3
2010,48500,201048500,1,1,1,3,3
2010,48500,201048500,1,1,1,3,3
2010,48500,201048500,1,1,1,3,3
2010,48500,201048500,1,1,1,3,3
2010,48500,201048500,1,1,1,3,3
2010,48500,201048500,1,1,1,3,3
2010,48500,201048500,1,1,1,3,3
2010,48500,201048500,1,1,1,3,3
2010,48500,201048500,1,1,1,3,3
2010,48500,201048500,1,1,1,3,3
2010,48500,201048500,1,1,1,3,3
2010,48500,201048500,1,1,1,3,3
2010,48500,201048500,1,1,1,3,3
2010,48500,201048500,1,1,1,3,3
2010,48500,201048500,1,1,1,3,3
2010,48500,201048500,1,1,1,3,3
2010,48500,201048500,1,1,1,3,3
2010,48500,201048500,1,1,1,3,3
2010,48500,201048500,1,1,1,3,3
2010,48500,201048500,1,1,1,3,3
2010,48500,201048500,1,1,1,3,3
2010,48500,201048500,1,1,1,3,3
2010,51041,201051041,2,1,1,2,3
2010,51041,201051041,2,1,1,2,3
2010,51041,201051041,2,1,1,2,3
2010,51041,201051041,2,1,1,2,3
2010,51041,201051041,2,1,1,2,3
2010,51041,201051041,2,1,1,2,3
2010,51041,201051041,2,1,1,2,3
2010,51043,201051043,2,1,1,3,3
2010,51043,201051043,2,1,1,3,3
2010,51043,201051043,2,1,1,3,3
2010,51043,201051043,2,1,1,3,3
2010,51043,201051043,2,1,1,3,3
2010,51043,201051043,2,1,1,3,3
2010,51043,201051043,2,1,1,3,3
2010,51043,201051043,2,1,1,3,3
2010,51043,201051043,2,1,1,3,3
2010,51043,201051043,2,1,1,3,3
2010,51043,201051043,2,1,1,3,3
2010,51043,201051043,2,1,1,3,3
2010,51043,201051043,2,1,1,3,3
2010,51043,201051043,2,1,1,3,3
2010,51043,201051043,2,1,1,3,3
2010,51043,201051043,2,1,1,3,3
2010,51043,201051043,2,1,1,3,3
2010,51043,201051043,2,1,1,3,3
2010,51043,201051043,2,1,1,3,3
2010,51043,201051043,2,1,1,3,3
2010,51043,201051043,2,1,1,3,3
2010,51043,201051043,2,1,1,3,3
2010,51043,201051043,2,1,1,3,3
2010,51043,201051043,2,1,1,3,3
2010,51043,201051043,2,1,1,3,3
2010,51043,201051043,2,1,1,3,3
2010,51043,201051043,2,1,1,3,3
2010,51043,201051043,2,1,1,3,3
2010,51043,201051043,2,1,1,3,3
2011,13011,201113011,0,1,1,3,3
2011,17207,201117207,0,1,1,3,2
2011,17207,201117207,0,1,1,3,2
2011,17207,201117207,0,1,1,3,2
2011,17207,201117207,0,1,1,3,2
2011,18007,201118007,0,1,1,3,2
2011,18007,201118007,0,1,1,3,2
2011,24085,201124085,0,1,1,3,3
2011,24085,201124085,0,1,1,3,3
2011,24085,201124085,0,1,1,3,3
2011,24085,201124085,0,1,1,3,3
2011,24085,201124085,0,1,1,3,3
2011,24085,201124085,0,1,1,3,3
2011,24085,201124085,0,1,1,3,3
2011,24085,201124085,0,1,1,3,3
2011,24085,201124085,0,1,1,3,3
2011,24085,201124085,0,1,1,3,3
2011,24085,201124085,0,1,1,3,3
2011,24085,201124085,0,1,1,3,3
2011,24085,201124085,0,1,1,3,3
2011,24085,201124085,0,1,1,3,3
2011,24085,201124085,0,1,1,3,3
2011,25069,201125069,0,1,1,3,1
2011,25069,201125069,0,1,1,3,1
2011,25069,201125069,0,1,1,3,1
2011,25069,201125069,0,1,1,3,1
2011,25069,201125069,0,1,1,3,1
2011,25069,201125069,0,1,1,3,1
2011,25069,201125069,0,1,1,3,1
2011,25069,201125069,0,1,1,3,1
2011,25069,201125069,0,1,1,3,1
2011,25069,201125069,0,1,1,3,1
2011,25069,201125069,0,1,1,3,1
2011,25069,201125069,0,1,1,3,1
2011,25069,201125069,0,1,1,3,1
2011,25069,201125069,0,1,1,3,1
2011,25069,201125069,0,1,1,3,1
2011,25069,201125069,0,1,1,3,1
2011,25069,201125069,0,1,1,3,1
2011,25069,201125069,0,1,1,3,1
2011,25069,201125069,0,1,1,3,1
2011,25069,201125069,0,1,1,3,1
2011,25069,201125069,0,1,1,3,1
2011,25069,201125069,0,1,1,3,1
2011,25069,201125069,0,1,1,3,1
2011,25069,201125069,0,1,1,3,1
2011,25069,201125069,0,1,1,3,1
2011,26006,201126006,0,1,1,3,2
2011,26022,201126022,0,1,1,3,2
2011,26022,201126022,0,1,1,3,2
2011,26022,201126022,0,1,1,3,2
2011,26022,201126022,0,1,1,3,2
2011,26022,201126022,0,1,1,3,2
2011,26022,201126022,0,1,1,3,2
2011,26022,201126022,0,1,1,3,2
2011,26022,201126022,0,1,1,3,2
2011,26022,201126022,0,1,1,3,2
2011,26022,201126022,0,1,1,3,2
2011,26022,201126022,0,1,1,3,2
2011,26022,201126022,0,1,1,3,2
2011,26022,201126022,0,1,1,3,2
2011,26022,201126022,0,1,1,3,2
2011,26022,201126022,0,1,1,3,2
2011,26022,201126022,0,1,1,3,2
2011,26022,201126022,0,1,1,3,2
2011,26022,201126022,0,1,1,3,2
2011,29185,201129185,0,1,1,3,2
2011,29185,201129185,0,1,1,3,2
2011,29185,201129185,0,1,1,3,2
2011,29185,201129185,0,1,1,3,2
2011,29185,201129185,0,1,1,3,2
2011,29185,201129185,0,1,1,3,2
2011,29185,201129185,0,1,1,3,2
2011,29185,201129185,0,1,1,3,2
2011,29185,201129185,0,1,1,3,2
2011,29185,201129185,0,1,1,3,2
2011,29185,201129185,0,1,1,3,2
2011,29185,201129185,0,1,1,3,2
2011,29185,201129185,0,1,1,3,2
2011,29185,201129185,0,1,1,3,2
2011,29185,201129185,0,1,1,3,2
2011,29185,201129185,0,1,1,3,2
2011,29185,201129185,0,1,1,3,2
2011,29185,201129185,0,1,1,3,2
2011,29185,201129185,0,1,1,3,2
2011,29185,201129185,0,1,1,3,2
2011,29185,201129185,0,1,1,3,2
2011,29185,201129185,0,1,1,3,2
2011,29185,201129185,0,1,1,3,2
2011,29185,201129185,0,1,1,3,2
2011,29185,201129185,0,1,1,3,2
2011,29185,201129185,0,1,1,3,2
2011,29185,201129185,0,1,1,3,2
2011,29185,201129185,0,1,1,3,2
2011,29185,201129185,0,1,1,3,2
2011,29185,201129185,0,1,1,3,2
2011,29185,201129185,0,1,1,3,2
2011,29185,201129185,0,1,1,3,2
2011,29185,201129185,0,1,1,3,2
2011,29185,201129185,0,1,1,3,2
2011,29185,201129185,0,1,1,3,2
2011,29185,201129185,0,1,1,3,2
2011,29185,201129185,0,1,1,3,2
2011,29185,201129185,0,1,1,3,2
2011,29185,201129185,0,1,1,3,2
2011,29185,201129185,0,1,1,3,2
2011,29185,201129185,0,1,1,3,2
2011,29185,201129185,0,1,1,3,2
2011,29185,201129185,0,1,1,3,2
2011,29185,201129185,0,1,1,3,2
2011,29185,201129185,0,1,1,3,2
2011,29185,201129185,0,1,1,3,2
2011,29185,201129185,0,1,1,3,2
2011,29185,201129185,0,1,1,3,2
2011,29185,201129185,0,1,1,3,2
2011,29185,201129185,0,1,1,3,2
2011,29185,201129185,0,1,1,3,2
2011,29185,201129185,0,1,1,3,2
2011,29185,201129185,0,1,1,3,2
2011,29185,201129185,0,1,1,3,2
2011,29185,201129185,0,1,1,3,2
2011,29185,201129185,0,1,1,3,2
2011,29185,201129185,0,1,1,3,2
2011,29185,201129185,0,1,1,3,2
2011,29185,201129185,0,1,1,3,2
2011,29185,201129185,0,1,1,3,2
2011,29185,201129185,0,1,1,3,2
2011,29185,201129185,0,1,1,3,2
2011,29185,201129185,0,1,1,3,2
2011,29185,201129185,0,1,1,3,2
2011,29185,201129185,0,1,1,3,2
2011,29185,201129185,0,1,1,3,2
2011,29185,201129185,0,1,1,3,2
2011,29185,201129185,0,1,1,3,2
2011,29185,201129185,0,1,1,3,2
2011,29185,201129185,0,1,1,3,2
2011,36119,201136119,0,1,1,3,1
2011,36248,201136248,0,1,1,3,1
2011,36336,201136336,0,1,1,3,1
2011,36336,201136336,0,1,1,3,1
2011,36336,201136336,0,1,1,3,1
2011,36336,201136336,0,1,1,3,1
2011,36336,201136336,0,1,1,3,1
2011,36336,201136336,0,1,1,3,1
2011,36336,201136336,0,1,1,3,1
2011,36336,201136336,0,1,1,3,1
2011,36336,201136336,0,1,1,3,1
2011,36336,201136336,0,1,1,3,1
2011,36336,201136336,0,1,1,3,1
2011,36336,201136336,0,1,1,3,1
2011,36336,201136336,0,1,1,3,1
2011,36336,201136336,0,1,1,3,1
2011,36336,201136336,0,1,1,3,1
2011,36336,201136336,0,1,1,3,1
2011,36336,201136336,0,1,1,3,1
2011,36336,201136336,0,1,1,3,1
2011,36336,201136336,0,1,1,3,1
2011,36336,201136336,0,1,1,3,1
2011,36336,201136336,0,1,1,3,1
2011,36336,201136336,0,1,1,3,1
2011,36336,201136336,0,1,1,3,1
2011,36336,201136336,0,1,1,3,1
2011,36336,201136336,0,1,1,3,1
2011,36336,201136336,0,1,1,3,1
2011,36336,201136336,0,1,1,3,1
2011,36336,201136336,0,1,1,3,1
2011,36336,201136336,0,1,1,3,1
2011,36336,201136336,0,1,1,3,1
2011,36336,201136336,0,1,1,3,1
2011,36336,201136336,0,1,1,3,1
2011,36336,201136336,0,1,1,3,1
2011,36336,201136336,0,1,1,3,1
2011,36336,201136336,0,1,1,3,1
2011,36336,201136336,0,1,1,3,1
2011,36336,201136336,0,1,1,3,1
2011,36336,201136336,0,1,1,3,1
2011,36336,201136336,0,1,1,3,1
2011,36336,201136336,0,1,1,3,1
2011,36336,201136336,0,1,1,3,1
2011,36336,201136336,0,1,1,3,1
2011,36336,201136336,0,1,1,3,1
2011,36336,201136336,0,1,1,3,1
2011,36336,201136336,0,1,1,3,1
2011,36336,201136336,0,1,1,3,1
2011,36336,201136336,0,1,1,3,1
2011,36336,201136336,0,1,1,3,1
2011,36336,201136336,0,1,1,3,1
2011,36336,201136336,0,1,1,3,1
2011,36336,201136336,0,1,1,3,1
2011,36336,201136336,0,1,1,3,1
2011,36336,201136336,0,1,1,3,1
2011,36336,201136336,0,1,1,3,1
2011,36336,201136336,0,1,1,3,1
2011,36336,201136336,0,1,1,3,1
2011,36336,201136336,0,1,1,3,1
2011,36336,201136336,0,1,1,3,1
2011,36336,201136336,0,1,1,3,1
2011,36336,201136336,0,1,1,3,1
2011,36336,201136336,0,1,1,3,1
2011,36336,201136336,0,1,1,3,1
2011,36336,201136336,0,1,1,3,1
2011,36336,201136336,0,1,1,3,1
2011,36336,201136336,0,1,1,3,1
2011,36336,201136336,0,1,1,3,1
2011,36336,201136336,0,1,1,3,1
2011,36336,201136336,0,1,1,3,1
2011,36336,201136336,0,1,1,3,1
2011,36336,201136336,0,1,1,3,1
2011,37016,201137016,0,1,1,3,3
2011,37016,201137016,0,1,1,3,3
2011,37016,201137016,0,1,1,3,3
2011,37016,201137016,0,1,1,3,3
2011,37016,201137016,0,1,1,3,3
2011,37016,201137016,0,1,1,3,3
2011,37016,201137016,0,1,1,3,3
2011,37016,201137016,0,1,1,3,3
2011,37016,201137016,0,1,1,3,3
2011,37022,201137022,0,1,1,3,3
2011,37022,201137022,0,1,1,3,3
2011,37022,201137022,0,1,1,3,3
2011,37022,201137022,0,1,1,3,3
2011,37022,201137022,0,1,1,3,3
2011,37022,201137022,0,1,1,3,3
2011,37022,201137022,0,1,1,3,3
2011,37022,201137022,0,1,1,3,3
2011,37022,201137022,0,1,1,3,3
2011,37022,201137022,0,1,1,3,3
2011,37022,201137022,0,1,1,3,3
2011,37022,201137022,0,1,1,3,3
2011,37022,201137022,0,1,1,3,3
2011,37022,201137022,0,1,1,3,3
2011,37022,201137022,0,1,1,3,3
2011,37022,201137022,0,1,1,3,3
2011,37022,201137022,0,1,1,3,3
2011,37022,201137022,0,1,1,3,3
2011,37022,201137022,0,1,1,3,3
2011,37022,201137022,0,1,1,3,3
2011,37022,201137022,0,1,1,3,3
2011,37022,201137022,0,1,1,3,3
2011,37022,201137022,0,1,1,3,3
2011,37022,201137022,0,1,1,3,3
2011,37022,201137022,0,1,1,3,3
2011,37022,201137022,0,1,1,3,3
2011,38011,201138011,4,0,1,3,2
2011,41008,201141008,0,1,1,3,4
2011,41008,201141008,0,1,1,3,4
2011,41008,201141008,0,1,1,3,4
2011,42025,201142025,0,1,1,2,1
2011,42025,201142025,0,1,1,2,1
2011,42025,201142025,0,1,1,2,1
2011,42025,201142025,0,1,1,2,1
2011,42116,201142116,0,1,1,3,1
2011,42116,201142116,0,1,1,3,1
2011,42188,201142188,0,1,1,3,1
2011,42188,201142188,0,1,1,3,1
2011,42188,201142188,0,1,1,3,1
2011,42188,201142188,0,1,1,3,1
2011,42188,201142188,0,1,1,3,1
2011,42188,201142188,0,1,1,3,1
2011,42188,201142188,0,1,1,3,1
2011,42188,201142188,0,1,1,3,1
2011,42188,201142188,0,1,1,3,1
2011,42188,201142188,0,1,1,3,1
2011,42188,201142188,0,1,1,3,1
2011,42188,201142188,0,1,1,3,1
2011,42188,201142188,0,1,1,3,1
2011,42323,201142323,0,1,1,3,1
2011,42323,201142323,0,1,1,3,1
2011,42323,201142323,0,1,1,3,1
2011,42323,201142323,0,1,1,3,1
2011,42323,201142323,0,1,1,3,1
2011,42323,201142323,0,1,1,3,1
2011,42323,201142323,0,1,1,3,1
2011,42323,201142323,0,1,1,3,1
2011,42323,201142323,0,1,1,3,1
2011,42323,201142323,0,1,1,3,1
2011,42323,201142323,0,1,1,3,1
2011,42323,201142323,0,1,1,3,1
2011,42323,201142323,0,1,1,3,1
2011,42323,201142323,0,1,1,3,1
2011,42323,201142323,0,1,1,3,1
2011,42323,201142323,0,1,1,3,1
2011,42323,201142323,0,1,1,3,1
2011,42323,201142323,0,1,1,3,1
2011,42323,201142323,0,1,1,3,1
2011,42323,201142323,0,1,1,3,1
2011,42323,201142323,0,1,1,3,1
2011,42323,201142323,0,1,1,3,1
2011,42323,201142323,0,1,1,3,1
2011,42323,201142323,0,1,1,3,1
2011,42323,201142323,0,1,1,3,1
2011,42323,201142323,0,1,1,3,1
2011,42323,201142323,0,1,1,3,1
2011,42323,201142323,0,1,1,3,1
2011,42323,201142323,0,1,1,3,1
2011,42323,201142323,0,1,1,3,1
2011,42323,201142323,0,1,1,3,1
2011,47030,201147030,0,1,1,3,3
2011,47030,201147030,0,1,1,3,3
2011,47030,201147030,0,1,1,3,3
2011,47030,201147030,0,1,1,3,3
2011,47030,201147030,0,1,1,3,3
2011,47030,201147030,0,1,1,3,3
2011,47030,201147030,0,1,1,3,3
2011,47030,201147030,0,1,1,3,3
2011,47030,201147030,0,1,1,3,3
2011,47030,201147030,0,1,1,3,3
2011,47030,201147030,0,1,1,3,3
2011,47134,201147134,0,1,1,3,3
2011,47134,201147134,0,1,1,3,3
2011,47134,201147134,0,1,1,3,3
2011,47134,201147134,0,1,1,3,3
2011,47134,201147134,0,1,1,3,3
2011,47134,201147134,0,1,1,3,3
2011,47134,201147134,0,1,1,3,3
2011,47134,201147134,0,1,1,3,3
2011,47134,201147134,0,1,1,3,3
2011,47134,201147134,0,1,1,3,3
2011,47134,201147134,0,1,1,3,3
2011,47134,201147134,0,1,1,3,3
2011,47134,201147134,0,1,1,3,3
2011,47134,201147134,0,1,1,3,3
2011,47134,201147134,0,1,1,3,3
2011,48057,201148057,0,1,1,3,3
2011,48057,201148057,0,1,1,3,3
2011,48057,201148057,0,1,1,3,3
2011,48057,201148057,0,1,1,3,3
2011,48057,201148057,0,1,1,3,3
2011,48057,201148057,0,1,1,3,3
2011,48057,201148057,0,1,1,3,3
2011,48057,201148057,0,1,1,3,3
2011,48057,201148057,0,1,1,3,3
2011,48057,201148057,0,1,1,3,3
2011,48057,201148057,0,1,1,3,3
2011,48057,201148057,0,1,1,3,3
2011,48057,201148057,0,1,1,3,3
2011,48057,201148057,0,1,1,3,3
2011,48057,201148057,0,1,1,3,3
2011,48057,201148057,0,1,1,3,3
2011,48057,201148057,0,1,1,3,3
2011,48057,201148057,0,1,1,3,3
2011,48057,201148057,0,1,1,3,3
2011,48057,201148057,0,1,1,3,3
2011,48057,201148057,0,1,1,3,3
2011,48057,201148057,0,1,1,3,3
2011,48057,201148057,0,1,1,3,3
2011,48057,201148057,0,1,1,3,3
2011,48057,201148057,0,1,1,3,3
2011,48057,201148057,0,1,1,3,3
2011,48057,201148057,0,1,1,3,3
2011,48057,201148057,0,1,1,3,3
2011,48057,201148057,0,1,1,3,3
2011,48057,201148057,0,1,1,3,3
2011,48057,201148057,0,1,1,3,3
2011,48057,201148057,0,1,1,3,3
2011,48057,201148057,0,1,1,3,3
2011,48057,201148057,0,1,1,3,3
2011,48057,201148057,0,1,1,3,3
2011,48057,201148057,0,1,1,3,3
2011,48057,201148057,0,1,1,3,3
2011,48057,201148057,0,1,1,3,3
2011,48057,201148057,0,1,1,3,3
2011,48057,201148057,0,1,1,3,3
2011,48070,201148070,0,1,1,3,3
2011,48070,201148070,0,1,1,3,3
2011,48070,201148070,0,1,1,3,3
2011,48070,201148070,0,1,1,3,3
2011,48070,201148070,0,1,1,3,3
2011,48070,201148070,0,1,1,3,3
2011,48070,201148070,0,1,1,3,3
2011,48070,201148070,0,1,1,3,3
2011,48070,201148070,0,1,1,3,3
2011,48070,201148070,0,1,1,3,3
2011,48072,201148072,0,1,1,2,3
2011,51022,201151022,0,1,1,3,3
2011,51022,201151022,0,1,1,3,3
2011,51022,201151022,0,1,1,3,3
2011,51022,201151022,0,1,1,3,3
2011,51022,201151022,0,1,1,3,3
2011,51022,201151022,0,1,1,3,3
2011,51022,201151022,0,1,1,3,3
2011,51022,201151022,0,1,1,3,3
2011,51022,201151022,0,1,1,3,3
2011,51022,201151022,0,1,1,3,3
2011,51022,201151022,0,1,1,3,3
2011,51022,201151022,0,1,1,3,3
2011,51022,201151022,0,1,1,3,3
2011,51022,201151022,0,1,1,3,3
2011,51022,201151022,0,1,1,3,3
2011,51022,201151022,0,1,1,3,3
2011,51022,201151022,0,1,1,3,3
2011,51022,201151022,0,1,1,3,3
2011,51022,201151022,0,1,1,3,3
2011,51022,201151022,0,1,1,3,3
2011,51022,201151022,0,1,1,3,3
2011,51022,201151022,0,1,1,3,3
2011,51022,201151022,0,1,1,3,3
2011,51022,201151022,0,1,1,3,3
2011,51022,201151022,0,1,1,3,3
2011,51022,201151022,0,1,1,3,3
2011,51022,201151022,0,1,1,3,3
2011,51022,201151022,0,1,1,3,3
2011,51022,201151022,0,1,1,3,3
2011,51041,201151041,0,1,1,2,3
2011,51041,201151041,0,1,1,2,3
2011,51041,201151041,0,1,1,2,3
2011,51041,201151041,0,1,1,2,3
2011,51041,201151041,0,1,1,2,3
2011,51041,201151041,0,1,1,2,3
2011,51041,201151041,0,1,1,2,3
2011,51041,201151041,0,1,1,2,3
2011,51041,201151041,0,1,1,2,3
2011,51041,201151041,0,1,1,2,3
2011,51041,201151041,0,1,1,2,3
2011,51041,201151041,0,1,1,2,3
2011,51041,201151041,0,1,1,2,3
2011,53065,201153065,0,1,1,1,4
